function,case_id,kind,arm,comparison,metric,value,units,status,detail
strip,case01,comparison,,reference_cpu__candidate_cpu,mask_dice,1.0,fraction,success,
strip,case01,comparison,,reference_cpu__candidate_cpu,mask_disagreeing_voxels,0,voxels,success,
strip,case01,comparison,,reference_cpu__candidate_cpu,mask_geometry_error,0.0,affine coefficient,success,
strip,case01,comparison,,reference_cpu__candidate_cpu,sdt_mae_mm,0.0,mm,success,
strip,case01,comparison,,reference_cpu__candidate_cpu,sdt_rmse_mm,0.0,mm,success,
strip,case01,comparison,,reference_cpu__candidate_cpu,sdt_max_error_mm,0.0,mm,success,
strip,case01,comparison,,reference_cpu__candidate_cpu,stripped_image_nrmse,0.0,relative to reference RMS,success,
strip,case01,comparison,,reference_cpu__candidate_cpu,stripped_image_max_error,0.0,input intensity,success,
strip,case01,comparison,,reference_gpu__candidate_gpu,mask_dice,1.0,fraction,success,
strip,case01,comparison,,reference_gpu__candidate_gpu,mask_disagreeing_voxels,0,voxels,success,
strip,case01,comparison,,reference_gpu__candidate_gpu,mask_geometry_error,0.0,affine coefficient,success,
strip,case01,comparison,,reference_gpu__candidate_gpu,sdt_mae_mm,0.0,mm,success,
strip,case01,comparison,,reference_gpu__candidate_gpu,sdt_rmse_mm,0.0,mm,success,
strip,case01,comparison,,reference_gpu__candidate_gpu,sdt_max_error_mm,0.0,mm,success,
strip,case01,comparison,,reference_gpu__candidate_gpu,stripped_image_nrmse,0.0,relative to reference RMS,success,
strip,case01,comparison,,reference_gpu__candidate_gpu,stripped_image_max_error,0.0,input intensity,success,
strip,case01,comparison,,reference_cpu__reference_gpu,mask_dice,0.9999998585621857,fraction,success,
strip,case01,comparison,,reference_cpu__reference_gpu,mask_disagreeing_voxels,1,voxels,success,
strip,case01,comparison,,reference_cpu__reference_gpu,mask_geometry_error,0.0,affine coefficient,success,
strip,case01,comparison,,reference_cpu__reference_gpu,sdt_mae_mm,1.0199093479675762e-06,mm,success,
strip,case01,comparison,,reference_cpu__reference_gpu,sdt_rmse_mm,1.358695402191621e-06,mm,success,
strip,case01,comparison,,reference_cpu__reference_gpu,sdt_max_error_mm,2.47955322265625e-05,mm,success,
strip,case01,comparison,,reference_cpu__reference_gpu,stripped_image_nrmse,0.00013951130974671814,relative to reference RMS,success,
strip,case01,comparison,,reference_cpu__reference_gpu,stripped_image_max_error,25.0,input intensity,success,
strip,case01,comparison,,candidate_cpu__candidate_gpu,mask_dice,0.9999998585621857,fraction,success,
strip,case01,comparison,,candidate_cpu__candidate_gpu,mask_disagreeing_voxels,1,voxels,success,
strip,case01,comparison,,candidate_cpu__candidate_gpu,mask_geometry_error,0.0,affine coefficient,success,
strip,case01,comparison,,candidate_cpu__candidate_gpu,sdt_mae_mm,1.0199093479675762e-06,mm,success,
strip,case01,comparison,,candidate_cpu__candidate_gpu,sdt_rmse_mm,1.358695402191621e-06,mm,success,
strip,case01,comparison,,candidate_cpu__candidate_gpu,sdt_max_error_mm,2.47955322265625e-05,mm,success,
strip,case01,comparison,,candidate_cpu__candidate_gpu,stripped_image_nrmse,0.00013951130974671814,relative to reference RMS,success,
strip,case01,comparison,,candidate_cpu__candidate_gpu,stripped_image_max_error,25.0,input intensity,success,
strip,case02,comparison,,reference_cpu__candidate_cpu,mask_dice,1.0,fraction,success,
strip,case02,comparison,,reference_cpu__candidate_cpu,mask_disagreeing_voxels,0,voxels,success,
strip,case02,comparison,,reference_cpu__candidate_cpu,mask_geometry_error,0.0,affine coefficient,success,
strip,case02,comparison,,reference_cpu__candidate_cpu,sdt_mae_mm,0.0,mm,success,
strip,case02,comparison,,reference_cpu__candidate_cpu,sdt_rmse_mm,0.0,mm,success,
strip,case02,comparison,,reference_cpu__candidate_cpu,sdt_max_error_mm,0.0,mm,success,
strip,case02,comparison,,reference_cpu__candidate_cpu,stripped_image_nrmse,0.0,relative to reference RMS,success,
strip,case02,comparison,,reference_cpu__candidate_cpu,stripped_image_max_error,0.0,input intensity,success,
strip,case02,comparison,,reference_gpu__candidate_gpu,mask_dice,1.0,fraction,success,
strip,case02,comparison,,reference_gpu__candidate_gpu,mask_disagreeing_voxels,0,voxels,success,
strip,case02,comparison,,reference_gpu__candidate_gpu,mask_geometry_error,0.0,affine coefficient,success,
strip,case02,comparison,,reference_gpu__candidate_gpu,sdt_mae_mm,0.0,mm,success,
strip,case02,comparison,,reference_gpu__candidate_gpu,sdt_rmse_mm,0.0,mm,success,
strip,case02,comparison,,reference_gpu__candidate_gpu,sdt_max_error_mm,0.0,mm,success,
strip,case02,comparison,,reference_gpu__candidate_gpu,stripped_image_nrmse,0.0,relative to reference RMS,success,
strip,case02,comparison,,reference_gpu__candidate_gpu,stripped_image_max_error,0.0,input intensity,success,
strip,case02,comparison,,reference_cpu__reference_gpu,mask_dice,1.0,fraction,success,
strip,case02,comparison,,reference_cpu__reference_gpu,mask_disagreeing_voxels,0,voxels,success,
strip,case02,comparison,,reference_cpu__reference_gpu,mask_geometry_error,0.0,affine coefficient,success,
strip,case02,comparison,,reference_cpu__reference_gpu,sdt_mae_mm,1.0086337325436564e-06,mm,success,
strip,case02,comparison,,reference_cpu__reference_gpu,sdt_rmse_mm,1.3310411939719162e-06,mm,success,
strip,case02,comparison,,reference_cpu__reference_gpu,sdt_max_error_mm,2.0503997802734375e-05,mm,success,
strip,case02,comparison,,reference_cpu__reference_gpu,stripped_image_nrmse,0.0,relative to reference RMS,success,
strip,case02,comparison,,reference_cpu__reference_gpu,stripped_image_max_error,0.0,input intensity,success,
strip,case02,comparison,,candidate_cpu__candidate_gpu,mask_dice,1.0,fraction,success,
strip,case02,comparison,,candidate_cpu__candidate_gpu,mask_disagreeing_voxels,0,voxels,success,
strip,case02,comparison,,candidate_cpu__candidate_gpu,mask_geometry_error,0.0,affine coefficient,success,
strip,case02,comparison,,candidate_cpu__candidate_gpu,sdt_mae_mm,1.0086337325436564e-06,mm,success,
strip,case02,comparison,,candidate_cpu__candidate_gpu,sdt_rmse_mm,1.3310411939719162e-06,mm,success,
strip,case02,comparison,,candidate_cpu__candidate_gpu,sdt_max_error_mm,2.0503997802734375e-05,mm,success,
strip,case02,comparison,,candidate_cpu__candidate_gpu,stripped_image_nrmse,0.0,relative to reference RMS,success,
strip,case02,comparison,,candidate_cpu__candidate_gpu,stripped_image_max_error,0.0,input intensity,success,
strip,case03,comparison,,reference_cpu__candidate_cpu,mask_dice,1.0,fraction,success,
strip,case03,comparison,,reference_cpu__candidate_cpu,mask_disagreeing_voxels,0,voxels,success,
strip,case03,comparison,,reference_cpu__candidate_cpu,mask_geometry_error,0.0,affine coefficient,success,
strip,case03,comparison,,reference_cpu__candidate_cpu,sdt_mae_mm,0.0,mm,success,
strip,case03,comparison,,reference_cpu__candidate_cpu,sdt_rmse_mm,0.0,mm,success,
strip,case03,comparison,,reference_cpu__candidate_cpu,sdt_max_error_mm,0.0,mm,success,
strip,case03,comparison,,reference_cpu__candidate_cpu,stripped_image_nrmse,0.0,relative to reference RMS,success,
strip,case03,comparison,,reference_cpu__candidate_cpu,stripped_image_max_error,0.0,input intensity,success,
strip,case03,comparison,,reference_gpu__candidate_gpu,mask_dice,1.0,fraction,success,
strip,case03,comparison,,reference_gpu__candidate_gpu,mask_disagreeing_voxels,0,voxels,success,
strip,case03,comparison,,reference_gpu__candidate_gpu,mask_geometry_error,0.0,affine coefficient,success,
strip,case03,comparison,,reference_gpu__candidate_gpu,sdt_mae_mm,0.0,mm,success,
strip,case03,comparison,,reference_gpu__candidate_gpu,sdt_rmse_mm,0.0,mm,success,
strip,case03,comparison,,reference_gpu__candidate_gpu,sdt_max_error_mm,0.0,mm,success,
strip,case03,comparison,,reference_gpu__candidate_gpu,stripped_image_nrmse,0.0,relative to reference RMS,success,
strip,case03,comparison,,reference_gpu__candidate_gpu,stripped_image_max_error,0.0,input intensity,success,
strip,case03,comparison,,reference_cpu__reference_gpu,mask_dice,1.0,fraction,success,
strip,case03,comparison,,reference_cpu__reference_gpu,mask_disagreeing_voxels,0,voxels,success,
strip,case03,comparison,,reference_cpu__reference_gpu,mask_geometry_error,0.0,affine coefficient,success,
strip,case03,comparison,,reference_cpu__reference_gpu,sdt_mae_mm,9.99905824287704e-07,mm,success,
strip,case03,comparison,,reference_cpu__reference_gpu,sdt_rmse_mm,1.325906856332184e-06,mm,success,
strip,case03,comparison,,reference_cpu__reference_gpu,sdt_max_error_mm,2.4080276489257812e-05,mm,success,
strip,case03,comparison,,reference_cpu__reference_gpu,stripped_image_nrmse,0.0,relative to reference RMS,success,
strip,case03,comparison,,reference_cpu__reference_gpu,stripped_image_max_error,0.0,input intensity,success,
strip,case03,comparison,,candidate_cpu__candidate_gpu,mask_dice,1.0,fraction,success,
strip,case03,comparison,,candidate_cpu__candidate_gpu,mask_disagreeing_voxels,0,voxels,success,
strip,case03,comparison,,candidate_cpu__candidate_gpu,mask_geometry_error,0.0,affine coefficient,success,
strip,case03,comparison,,candidate_cpu__candidate_gpu,sdt_mae_mm,9.99905824287704e-07,mm,success,
strip,case03,comparison,,candidate_cpu__candidate_gpu,sdt_rmse_mm,1.325906856332184e-06,mm,success,
strip,case03,comparison,,candidate_cpu__candidate_gpu,sdt_max_error_mm,2.4080276489257812e-05,mm,success,
strip,case03,comparison,,candidate_cpu__candidate_gpu,stripped_image_nrmse,0.0,relative to reference RMS,success,
strip,case03,comparison,,candidate_cpu__candidate_gpu,stripped_image_max_error,0.0,input intensity,success,
strip,case04,comparison,,reference_cpu__candidate_cpu,mask_dice,1.0,fraction,success,
strip,case04,comparison,,reference_cpu__candidate_cpu,mask_disagreeing_voxels,0,voxels,success,
strip,case04,comparison,,reference_cpu__candidate_cpu,mask_geometry_error,0.0,affine coefficient,success,
strip,case04,comparison,,reference_cpu__candidate_cpu,sdt_mae_mm,0.0,mm,success,
strip,case04,comparison,,reference_cpu__candidate_cpu,sdt_rmse_mm,0.0,mm,success,
strip,case04,comparison,,reference_cpu__candidate_cpu,sdt_max_error_mm,0.0,mm,success,
strip,case04,comparison,,reference_cpu__candidate_cpu,stripped_image_nrmse,0.0,relative to reference RMS,success,
strip,case04,comparison,,reference_cpu__candidate_cpu,stripped_image_max_error,0.0,input intensity,success,
strip,case04,comparison,,reference_gpu__candidate_gpu,mask_dice,1.0,fraction,success,
strip,case04,comparison,,reference_gpu__candidate_gpu,mask_disagreeing_voxels,0,voxels,success,
strip,case04,comparison,,reference_gpu__candidate_gpu,mask_geometry_error,0.0,affine coefficient,success,
strip,case04,comparison,,reference_gpu__candidate_gpu,sdt_mae_mm,0.0,mm,success,
strip,case04,comparison,,reference_gpu__candidate_gpu,sdt_rmse_mm,0.0,mm,success,
strip,case04,comparison,,reference_gpu__candidate_gpu,sdt_max_error_mm,0.0,mm,success,
strip,case04,comparison,,reference_gpu__candidate_gpu,stripped_image_nrmse,0.0,relative to reference RMS,success,
strip,case04,comparison,,reference_gpu__candidate_gpu,stripped_image_max_error,0.0,input intensity,success,
strip,case04,comparison,,reference_cpu__reference_gpu,mask_dice,1.0,fraction,success,
strip,case04,comparison,,reference_cpu__reference_gpu,mask_disagreeing_voxels,0,voxels,success,
strip,case04,comparison,,reference_cpu__reference_gpu,mask_geometry_error,0.0,affine coefficient,success,
strip,case04,comparison,,reference_cpu__reference_gpu,sdt_mae_mm,1.0009966795502342e-06,mm,success,
strip,case04,comparison,,reference_cpu__reference_gpu,sdt_rmse_mm,1.318559318972416e-06,mm,success,
strip,case04,comparison,,reference_cpu__reference_gpu,sdt_max_error_mm,1.7881393432617188e-05,mm,success,
strip,case04,comparison,,reference_cpu__reference_gpu,stripped_image_nrmse,0.0,relative to reference RMS,success,
strip,case04,comparison,,reference_cpu__reference_gpu,stripped_image_max_error,0.0,input intensity,success,
strip,case04,comparison,,candidate_cpu__candidate_gpu,mask_dice,1.0,fraction,success,
strip,case04,comparison,,candidate_cpu__candidate_gpu,mask_disagreeing_voxels,0,voxels,success,
strip,case04,comparison,,candidate_cpu__candidate_gpu,mask_geometry_error,0.0,affine coefficient,success,
strip,case04,comparison,,candidate_cpu__candidate_gpu,sdt_mae_mm,1.0009966795502342e-06,mm,success,
strip,case04,comparison,,candidate_cpu__candidate_gpu,sdt_rmse_mm,1.318559318972416e-06,mm,success,
strip,case04,comparison,,candidate_cpu__candidate_gpu,sdt_max_error_mm,1.7881393432617188e-05,mm,success,
strip,case04,comparison,,candidate_cpu__candidate_gpu,stripped_image_nrmse,0.0,relative to reference RMS,success,
strip,case04,comparison,,candidate_cpu__candidate_gpu,stripped_image_max_error,0.0,input intensity,success,
strip,case05,comparison,,reference_cpu__candidate_cpu,mask_dice,1.0,fraction,success,
strip,case05,comparison,,reference_cpu__candidate_cpu,mask_disagreeing_voxels,0,voxels,success,
strip,case05,comparison,,reference_cpu__candidate_cpu,mask_geometry_error,0.0,affine coefficient,success,
strip,case05,comparison,,reference_cpu__candidate_cpu,sdt_mae_mm,0.0,mm,success,
strip,case05,comparison,,reference_cpu__candidate_cpu,sdt_rmse_mm,0.0,mm,success,
strip,case05,comparison,,reference_cpu__candidate_cpu,sdt_max_error_mm,0.0,mm,success,
strip,case05,comparison,,reference_cpu__candidate_cpu,stripped_image_nrmse,0.0,relative to reference RMS,success,
strip,case05,comparison,,reference_cpu__candidate_cpu,stripped_image_max_error,0.0,input intensity,success,
strip,case05,comparison,,reference_gpu__candidate_gpu,mask_dice,1.0,fraction,success,
strip,case05,comparison,,reference_gpu__candidate_gpu,mask_disagreeing_voxels,0,voxels,success,
strip,case05,comparison,,reference_gpu__candidate_gpu,mask_geometry_error,0.0,affine coefficient,success,
strip,case05,comparison,,reference_gpu__candidate_gpu,sdt_mae_mm,0.0,mm,success,
strip,case05,comparison,,reference_gpu__candidate_gpu,sdt_rmse_mm,0.0,mm,success,
strip,case05,comparison,,reference_gpu__candidate_gpu,sdt_max_error_mm,0.0,mm,success,
strip,case05,comparison,,reference_gpu__candidate_gpu,stripped_image_nrmse,0.0,relative to reference RMS,success,
strip,case05,comparison,,reference_gpu__candidate_gpu,stripped_image_max_error,0.0,input intensity,success,
strip,case05,comparison,,reference_cpu__reference_gpu,mask_dice,1.0,fraction,success,
strip,case05,comparison,,reference_cpu__reference_gpu,mask_disagreeing_voxels,0,voxels,success,
strip,case05,comparison,,reference_cpu__reference_gpu,mask_geometry_error,0.0,affine coefficient,success,
strip,case05,comparison,,reference_cpu__reference_gpu,sdt_mae_mm,1.0142756497335024e-06,mm,success,
strip,case05,comparison,,reference_cpu__reference_gpu,sdt_rmse_mm,1.3486634923245127e-06,mm,success,
strip,case05,comparison,,reference_cpu__reference_gpu,sdt_max_error_mm,2.7179718017578125e-05,mm,success,
strip,case05,comparison,,reference_cpu__reference_gpu,stripped_image_nrmse,0.0,relative to reference RMS,success,
strip,case05,comparison,,reference_cpu__reference_gpu,stripped_image_max_error,0.0,input intensity,success,
strip,case05,comparison,,candidate_cpu__candidate_gpu,mask_dice,1.0,fraction,success,
strip,case05,comparison,,candidate_cpu__candidate_gpu,mask_disagreeing_voxels,0,voxels,success,
strip,case05,comparison,,candidate_cpu__candidate_gpu,mask_geometry_error,0.0,affine coefficient,success,
strip,case05,comparison,,candidate_cpu__candidate_gpu,sdt_mae_mm,1.0142756497335024e-06,mm,success,
strip,case05,comparison,,candidate_cpu__candidate_gpu,sdt_rmse_mm,1.3486634923245127e-06,mm,success,
strip,case05,comparison,,candidate_cpu__candidate_gpu,sdt_max_error_mm,2.7179718017578125e-05,mm,success,
strip,case05,comparison,,candidate_cpu__candidate_gpu,stripped_image_nrmse,0.0,relative to reference RMS,success,
strip,case05,comparison,,candidate_cpu__candidate_gpu,stripped_image_max_error,0.0,input intensity,success,
strip,case06,comparison,,reference_cpu__candidate_cpu,mask_dice,1.0,fraction,success,
strip,case06,comparison,,reference_cpu__candidate_cpu,mask_disagreeing_voxels,0,voxels,success,
strip,case06,comparison,,reference_cpu__candidate_cpu,mask_geometry_error,0.0,affine coefficient,success,
strip,case06,comparison,,reference_cpu__candidate_cpu,sdt_mae_mm,0.0,mm,success,
strip,case06,comparison,,reference_cpu__candidate_cpu,sdt_rmse_mm,0.0,mm,success,
strip,case06,comparison,,reference_cpu__candidate_cpu,sdt_max_error_mm,0.0,mm,success,
strip,case06,comparison,,reference_cpu__candidate_cpu,stripped_image_nrmse,0.0,relative to reference RMS,success,
strip,case06,comparison,,reference_cpu__candidate_cpu,stripped_image_max_error,0.0,input intensity,success,
strip,case06,comparison,,reference_gpu__candidate_gpu,mask_dice,1.0,fraction,success,
strip,case06,comparison,,reference_gpu__candidate_gpu,mask_disagreeing_voxels,0,voxels,success,
strip,case06,comparison,,reference_gpu__candidate_gpu,mask_geometry_error,0.0,affine coefficient,success,
strip,case06,comparison,,reference_gpu__candidate_gpu,sdt_mae_mm,0.0,mm,success,
strip,case06,comparison,,reference_gpu__candidate_gpu,sdt_rmse_mm,0.0,mm,success,
strip,case06,comparison,,reference_gpu__candidate_gpu,sdt_max_error_mm,0.0,mm,success,
strip,case06,comparison,,reference_gpu__candidate_gpu,stripped_image_nrmse,0.0,relative to reference RMS,success,
strip,case06,comparison,,reference_gpu__candidate_gpu,stripped_image_max_error,0.0,input intensity,success,
strip,case06,comparison,,reference_cpu__reference_gpu,mask_dice,1.0,fraction,success,
strip,case06,comparison,,reference_cpu__reference_gpu,mask_disagreeing_voxels,0,voxels,success,
strip,case06,comparison,,reference_cpu__reference_gpu,mask_geometry_error,0.0,affine coefficient,success,
strip,case06,comparison,,reference_cpu__reference_gpu,sdt_mae_mm,9.976155088375903e-07,mm,success,
strip,case06,comparison,,reference_cpu__reference_gpu,sdt_rmse_mm,1.30735891438887e-06,mm,success,
strip,case06,comparison,,reference_cpu__reference_gpu,sdt_max_error_mm,2.276897430419922e-05,mm,success,
strip,case06,comparison,,reference_cpu__reference_gpu,stripped_image_nrmse,0.0,relative to reference RMS,success,
strip,case06,comparison,,reference_cpu__reference_gpu,stripped_image_max_error,0.0,input intensity,success,
strip,case06,comparison,,candidate_cpu__candidate_gpu,mask_dice,1.0,fraction,success,
strip,case06,comparison,,candidate_cpu__candidate_gpu,mask_disagreeing_voxels,0,voxels,success,
strip,case06,comparison,,candidate_cpu__candidate_gpu,mask_geometry_error,0.0,affine coefficient,success,
strip,case06,comparison,,candidate_cpu__candidate_gpu,sdt_mae_mm,9.976155088375903e-07,mm,success,
strip,case06,comparison,,candidate_cpu__candidate_gpu,sdt_rmse_mm,1.30735891438887e-06,mm,success,
strip,case06,comparison,,candidate_cpu__candidate_gpu,sdt_max_error_mm,2.276897430419922e-05,mm,success,
strip,case06,comparison,,candidate_cpu__candidate_gpu,stripped_image_nrmse,0.0,relative to reference RMS,success,
strip,case06,comparison,,candidate_cpu__candidate_gpu,stripped_image_max_error,0.0,input intensity,success,
strip,case07,comparison,,reference_cpu__candidate_cpu,mask_dice,1.0,fraction,success,
strip,case07,comparison,,reference_cpu__candidate_cpu,mask_disagreeing_voxels,0,voxels,success,
strip,case07,comparison,,reference_cpu__candidate_cpu,mask_geometry_error,0.0,affine coefficient,success,
strip,case07,comparison,,reference_cpu__candidate_cpu,sdt_mae_mm,0.0,mm,success,
strip,case07,comparison,,reference_cpu__candidate_cpu,sdt_rmse_mm,0.0,mm,success,
strip,case07,comparison,,reference_cpu__candidate_cpu,sdt_max_error_mm,0.0,mm,success,
strip,case07,comparison,,reference_cpu__candidate_cpu,stripped_image_nrmse,0.0,relative to reference RMS,success,
strip,case07,comparison,,reference_cpu__candidate_cpu,stripped_image_max_error,0.0,input intensity,success,
strip,case07,comparison,,reference_gpu__candidate_gpu,mask_dice,1.0,fraction,success,
strip,case07,comparison,,reference_gpu__candidate_gpu,mask_disagreeing_voxels,0,voxels,success,
strip,case07,comparison,,reference_gpu__candidate_gpu,mask_geometry_error,0.0,affine coefficient,success,
strip,case07,comparison,,reference_gpu__candidate_gpu,sdt_mae_mm,0.0,mm,success,
strip,case07,comparison,,reference_gpu__candidate_gpu,sdt_rmse_mm,0.0,mm,success,
strip,case07,comparison,,reference_gpu__candidate_gpu,sdt_max_error_mm,0.0,mm,success,
strip,case07,comparison,,reference_gpu__candidate_gpu,stripped_image_nrmse,0.0,relative to reference RMS,success,
strip,case07,comparison,,reference_gpu__candidate_gpu,stripped_image_max_error,0.0,input intensity,success,
strip,case07,comparison,,reference_cpu__reference_gpu,mask_dice,1.0,fraction,success,
strip,case07,comparison,,reference_cpu__reference_gpu,mask_disagreeing_voxels,0,voxels,success,
strip,case07,comparison,,reference_cpu__reference_gpu,mask_geometry_error,0.0,affine coefficient,success,
strip,case07,comparison,,reference_cpu__reference_gpu,sdt_mae_mm,9.944739767447694e-07,mm,success,
strip,case07,comparison,,reference_cpu__reference_gpu,sdt_rmse_mm,1.3076386511584347e-06,mm,success,
strip,case07,comparison,,reference_cpu__reference_gpu,sdt_max_error_mm,2.3603439331054688e-05,mm,success,
strip,case07,comparison,,reference_cpu__reference_gpu,stripped_image_nrmse,0.0,relative to reference RMS,success,
strip,case07,comparison,,reference_cpu__reference_gpu,stripped_image_max_error,0.0,input intensity,success,
strip,case07,comparison,,candidate_cpu__candidate_gpu,mask_dice,1.0,fraction,success,
strip,case07,comparison,,candidate_cpu__candidate_gpu,mask_disagreeing_voxels,0,voxels,success,
strip,case07,comparison,,candidate_cpu__candidate_gpu,mask_geometry_error,0.0,affine coefficient,success,
strip,case07,comparison,,candidate_cpu__candidate_gpu,sdt_mae_mm,9.944739767447694e-07,mm,success,
strip,case07,comparison,,candidate_cpu__candidate_gpu,sdt_rmse_mm,1.3076386511584347e-06,mm,success,
strip,case07,comparison,,candidate_cpu__candidate_gpu,sdt_max_error_mm,2.3603439331054688e-05,mm,success,
strip,case07,comparison,,candidate_cpu__candidate_gpu,stripped_image_nrmse,0.0,relative to reference RMS,success,
strip,case07,comparison,,candidate_cpu__candidate_gpu,stripped_image_max_error,0.0,input intensity,success,
strip,case08,comparison,,reference_cpu__candidate_cpu,mask_dice,1.0,fraction,success,
strip,case08,comparison,,reference_cpu__candidate_cpu,mask_disagreeing_voxels,0,voxels,success,
strip,case08,comparison,,reference_cpu__candidate_cpu,mask_geometry_error,0.0,affine coefficient,success,
strip,case08,comparison,,reference_cpu__candidate_cpu,sdt_mae_mm,0.0,mm,success,
strip,case08,comparison,,reference_cpu__candidate_cpu,sdt_rmse_mm,0.0,mm,success,
strip,case08,comparison,,reference_cpu__candidate_cpu,sdt_max_error_mm,0.0,mm,success,
strip,case08,comparison,,reference_cpu__candidate_cpu,stripped_image_nrmse,0.0,relative to reference RMS,success,
strip,case08,comparison,,reference_cpu__candidate_cpu,stripped_image_max_error,0.0,input intensity,success,
strip,case08,comparison,,reference_gpu__candidate_gpu,mask_dice,1.0,fraction,success,
strip,case08,comparison,,reference_gpu__candidate_gpu,mask_disagreeing_voxels,0,voxels,success,
strip,case08,comparison,,reference_gpu__candidate_gpu,mask_geometry_error,0.0,affine coefficient,success,
strip,case08,comparison,,reference_gpu__candidate_gpu,sdt_mae_mm,0.0,mm,success,
strip,case08,comparison,,reference_gpu__candidate_gpu,sdt_rmse_mm,0.0,mm,success,
strip,case08,comparison,,reference_gpu__candidate_gpu,sdt_max_error_mm,0.0,mm,success,
strip,case08,comparison,,reference_gpu__candidate_gpu,stripped_image_nrmse,0.0,relative to reference RMS,success,
strip,case08,comparison,,reference_gpu__candidate_gpu,stripped_image_max_error,0.0,input intensity,success,
strip,case08,comparison,,reference_cpu__reference_gpu,mask_dice,1.0,fraction,success,
strip,case08,comparison,,reference_cpu__reference_gpu,mask_disagreeing_voxels,0,voxels,success,
strip,case08,comparison,,reference_cpu__reference_gpu,mask_geometry_error,0.0,affine coefficient,success,
strip,case08,comparison,,reference_cpu__reference_gpu,sdt_mae_mm,1.0027036546549668e-06,mm,success,
strip,case08,comparison,,reference_cpu__reference_gpu,sdt_rmse_mm,1.3194786335350272e-06,mm,success,
strip,case08,comparison,,reference_cpu__reference_gpu,sdt_max_error_mm,1.8835067749023438e-05,mm,success,
strip,case08,comparison,,reference_cpu__reference_gpu,stripped_image_nrmse,0.0,relative to reference RMS,success,
strip,case08,comparison,,reference_cpu__reference_gpu,stripped_image_max_error,0.0,input intensity,success,
strip,case08,comparison,,candidate_cpu__candidate_gpu,mask_dice,1.0,fraction,success,
strip,case08,comparison,,candidate_cpu__candidate_gpu,mask_disagreeing_voxels,0,voxels,success,
strip,case08,comparison,,candidate_cpu__candidate_gpu,mask_geometry_error,0.0,affine coefficient,success,
strip,case08,comparison,,candidate_cpu__candidate_gpu,sdt_mae_mm,1.0027036546549668e-06,mm,success,
strip,case08,comparison,,candidate_cpu__candidate_gpu,sdt_rmse_mm,1.3194786335350272e-06,mm,success,
strip,case08,comparison,,candidate_cpu__candidate_gpu,sdt_max_error_mm,1.8835067749023438e-05,mm,success,
strip,case08,comparison,,candidate_cpu__candidate_gpu,stripped_image_nrmse,0.0,relative to reference RMS,success,
strip,case08,comparison,,candidate_cpu__candidate_gpu,stripped_image_max_error,0.0,input intensity,success,
strip,case09,comparison,,reference_cpu__candidate_cpu,mask_dice,1.0,fraction,success,
strip,case09,comparison,,reference_cpu__candidate_cpu,mask_disagreeing_voxels,0,voxels,success,
strip,case09,comparison,,reference_cpu__candidate_cpu,mask_geometry_error,0.0,affine coefficient,success,
strip,case09,comparison,,reference_cpu__candidate_cpu,sdt_mae_mm,0.0,mm,success,
strip,case09,comparison,,reference_cpu__candidate_cpu,sdt_rmse_mm,0.0,mm,success,
strip,case09,comparison,,reference_cpu__candidate_cpu,sdt_max_error_mm,0.0,mm,success,
strip,case09,comparison,,reference_cpu__candidate_cpu,stripped_image_nrmse,0.0,relative to reference RMS,success,
strip,case09,comparison,,reference_cpu__candidate_cpu,stripped_image_max_error,0.0,input intensity,success,
strip,case09,comparison,,reference_gpu__candidate_gpu,mask_dice,1.0,fraction,success,
strip,case09,comparison,,reference_gpu__candidate_gpu,mask_disagreeing_voxels,0,voxels,success,
strip,case09,comparison,,reference_gpu__candidate_gpu,mask_geometry_error,0.0,affine coefficient,success,
strip,case09,comparison,,reference_gpu__candidate_gpu,sdt_mae_mm,0.0,mm,success,
strip,case09,comparison,,reference_gpu__candidate_gpu,sdt_rmse_mm,0.0,mm,success,
strip,case09,comparison,,reference_gpu__candidate_gpu,sdt_max_error_mm,0.0,mm,success,
strip,case09,comparison,,reference_gpu__candidate_gpu,stripped_image_nrmse,0.0,relative to reference RMS,success,
strip,case09,comparison,,reference_gpu__candidate_gpu,stripped_image_max_error,0.0,input intensity,success,
strip,case09,comparison,,reference_cpu__reference_gpu,mask_dice,1.0,fraction,success,
strip,case09,comparison,,reference_cpu__reference_gpu,mask_disagreeing_voxels,0,voxels,success,
strip,case09,comparison,,reference_cpu__reference_gpu,mask_geometry_error,0.0,affine coefficient,success,
strip,case09,comparison,,reference_cpu__reference_gpu,sdt_mae_mm,1.0044040476777016e-06,mm,success,
strip,case09,comparison,,reference_cpu__reference_gpu,sdt_rmse_mm,1.319670791413275e-06,mm,success,
strip,case09,comparison,,reference_cpu__reference_gpu,sdt_max_error_mm,2.205371856689453e-05,mm,success,
strip,case09,comparison,,reference_cpu__reference_gpu,stripped_image_nrmse,0.0,relative to reference RMS,success,
strip,case09,comparison,,reference_cpu__reference_gpu,stripped_image_max_error,0.0,input intensity,success,
strip,case09,comparison,,candidate_cpu__candidate_gpu,mask_dice,1.0,fraction,success,
strip,case09,comparison,,candidate_cpu__candidate_gpu,mask_disagreeing_voxels,0,voxels,success,
strip,case09,comparison,,candidate_cpu__candidate_gpu,mask_geometry_error,0.0,affine coefficient,success,
strip,case09,comparison,,candidate_cpu__candidate_gpu,sdt_mae_mm,1.0044040476777016e-06,mm,success,
strip,case09,comparison,,candidate_cpu__candidate_gpu,sdt_rmse_mm,1.319670791413275e-06,mm,success,
strip,case09,comparison,,candidate_cpu__candidate_gpu,sdt_max_error_mm,2.205371856689453e-05,mm,success,
strip,case09,comparison,,candidate_cpu__candidate_gpu,stripped_image_nrmse,0.0,relative to reference RMS,success,
strip,case09,comparison,,candidate_cpu__candidate_gpu,stripped_image_max_error,0.0,input intensity,success,
strip,case10,comparison,,reference_cpu__candidate_cpu,mask_dice,1.0,fraction,success,
strip,case10,comparison,,reference_cpu__candidate_cpu,mask_disagreeing_voxels,0,voxels,success,
strip,case10,comparison,,reference_cpu__candidate_cpu,mask_geometry_error,0.0,affine coefficient,success,
strip,case10,comparison,,reference_cpu__candidate_cpu,sdt_mae_mm,0.0,mm,success,
strip,case10,comparison,,reference_cpu__candidate_cpu,sdt_rmse_mm,0.0,mm,success,
strip,case10,comparison,,reference_cpu__candidate_cpu,sdt_max_error_mm,0.0,mm,success,
strip,case10,comparison,,reference_cpu__candidate_cpu,stripped_image_nrmse,0.0,relative to reference RMS,success,
strip,case10,comparison,,reference_cpu__candidate_cpu,stripped_image_max_error,0.0,input intensity,success,
strip,case10,comparison,,reference_gpu__candidate_gpu,mask_dice,1.0,fraction,success,
strip,case10,comparison,,reference_gpu__candidate_gpu,mask_disagreeing_voxels,0,voxels,success,
strip,case10,comparison,,reference_gpu__candidate_gpu,mask_geometry_error,0.0,affine coefficient,success,
strip,case10,comparison,,reference_gpu__candidate_gpu,sdt_mae_mm,0.0,mm,success,
strip,case10,comparison,,reference_gpu__candidate_gpu,sdt_rmse_mm,0.0,mm,success,
strip,case10,comparison,,reference_gpu__candidate_gpu,sdt_max_error_mm,0.0,mm,success,
strip,case10,comparison,,reference_gpu__candidate_gpu,stripped_image_nrmse,0.0,relative to reference RMS,success,
strip,case10,comparison,,reference_gpu__candidate_gpu,stripped_image_max_error,0.0,input intensity,success,
strip,case10,comparison,,reference_cpu__reference_gpu,mask_dice,1.0,fraction,success,
strip,case10,comparison,,reference_cpu__reference_gpu,mask_disagreeing_voxels,0,voxels,success,
strip,case10,comparison,,reference_cpu__reference_gpu,mask_geometry_error,0.0,affine coefficient,success,
strip,case10,comparison,,reference_cpu__reference_gpu,sdt_mae_mm,1.0039306463850904e-06,mm,success,
strip,case10,comparison,,reference_cpu__reference_gpu,sdt_rmse_mm,1.3204829959085832e-06,mm,success,
strip,case10,comparison,,reference_cpu__reference_gpu,sdt_max_error_mm,1.8775463104248047e-05,mm,success,
strip,case10,comparison,,reference_cpu__reference_gpu,stripped_image_nrmse,0.0,relative to reference RMS,success,
strip,case10,comparison,,reference_cpu__reference_gpu,stripped_image_max_error,0.0,input intensity,success,
strip,case10,comparison,,candidate_cpu__candidate_gpu,mask_dice,1.0,fraction,success,
strip,case10,comparison,,candidate_cpu__candidate_gpu,mask_disagreeing_voxels,0,voxels,success,
strip,case10,comparison,,candidate_cpu__candidate_gpu,mask_geometry_error,0.0,affine coefficient,success,
strip,case10,comparison,,candidate_cpu__candidate_gpu,sdt_mae_mm,1.0039306463850904e-06,mm,success,
strip,case10,comparison,,candidate_cpu__candidate_gpu,sdt_rmse_mm,1.3204829959085832e-06,mm,success,
strip,case10,comparison,,candidate_cpu__candidate_gpu,sdt_max_error_mm,1.8775463104248047e-05,mm,success,
strip,case10,comparison,,candidate_cpu__candidate_gpu,stripped_image_nrmse,0.0,relative to reference RMS,success,
strip,case10,comparison,,candidate_cpu__candidate_gpu,stripped_image_max_error,0.0,input intensity,success,
strip,case11,comparison,,reference_cpu__candidate_cpu,mask_dice,1.0,fraction,success,
strip,case11,comparison,,reference_cpu__candidate_cpu,mask_disagreeing_voxels,0,voxels,success,
strip,case11,comparison,,reference_cpu__candidate_cpu,mask_geometry_error,0.0,affine coefficient,success,
strip,case11,comparison,,reference_cpu__candidate_cpu,sdt_mae_mm,0.0,mm,success,
strip,case11,comparison,,reference_cpu__candidate_cpu,sdt_rmse_mm,0.0,mm,success,
strip,case11,comparison,,reference_cpu__candidate_cpu,sdt_max_error_mm,0.0,mm,success,
strip,case11,comparison,,reference_cpu__candidate_cpu,stripped_image_nrmse,0.0,relative to reference RMS,success,
strip,case11,comparison,,reference_cpu__candidate_cpu,stripped_image_max_error,0.0,input intensity,success,
strip,case11,comparison,,reference_gpu__candidate_gpu,mask_dice,1.0,fraction,success,
strip,case11,comparison,,reference_gpu__candidate_gpu,mask_disagreeing_voxels,0,voxels,success,
strip,case11,comparison,,reference_gpu__candidate_gpu,mask_geometry_error,0.0,affine coefficient,success,
strip,case11,comparison,,reference_gpu__candidate_gpu,sdt_mae_mm,0.0,mm,success,
strip,case11,comparison,,reference_gpu__candidate_gpu,sdt_rmse_mm,0.0,mm,success,
strip,case11,comparison,,reference_gpu__candidate_gpu,sdt_max_error_mm,0.0,mm,success,
strip,case11,comparison,,reference_gpu__candidate_gpu,stripped_image_nrmse,0.0,relative to reference RMS,success,
strip,case11,comparison,,reference_gpu__candidate_gpu,stripped_image_max_error,0.0,input intensity,success,
strip,case11,comparison,,reference_cpu__reference_gpu,mask_dice,1.0,fraction,success,
strip,case11,comparison,,reference_cpu__reference_gpu,mask_disagreeing_voxels,0,voxels,success,
strip,case11,comparison,,reference_cpu__reference_gpu,mask_geometry_error,0.0,affine coefficient,success,
strip,case11,comparison,,reference_cpu__reference_gpu,sdt_mae_mm,1.0049416866334378e-06,mm,success,
strip,case11,comparison,,reference_cpu__reference_gpu,sdt_rmse_mm,1.3231490372129852e-06,mm,success,
strip,case11,comparison,,reference_cpu__reference_gpu,sdt_max_error_mm,2.6226043701171875e-05,mm,success,
strip,case11,comparison,,reference_cpu__reference_gpu,stripped_image_nrmse,0.0,relative to reference RMS,success,
strip,case11,comparison,,reference_cpu__reference_gpu,stripped_image_max_error,0.0,input intensity,success,
strip,case11,comparison,,candidate_cpu__candidate_gpu,mask_dice,1.0,fraction,success,
strip,case11,comparison,,candidate_cpu__candidate_gpu,mask_disagreeing_voxels,0,voxels,success,
strip,case11,comparison,,candidate_cpu__candidate_gpu,mask_geometry_error,0.0,affine coefficient,success,
strip,case11,comparison,,candidate_cpu__candidate_gpu,sdt_mae_mm,1.0049416866334378e-06,mm,success,
strip,case11,comparison,,candidate_cpu__candidate_gpu,sdt_rmse_mm,1.3231490372129852e-06,mm,success,
strip,case11,comparison,,candidate_cpu__candidate_gpu,sdt_max_error_mm,2.6226043701171875e-05,mm,success,
strip,case11,comparison,,candidate_cpu__candidate_gpu,stripped_image_nrmse,0.0,relative to reference RMS,success,
strip,case11,comparison,,candidate_cpu__candidate_gpu,stripped_image_max_error,0.0,input intensity,success,
strip,case12,comparison,,reference_cpu__candidate_cpu,mask_dice,1.0,fraction,success,
strip,case12,comparison,,reference_cpu__candidate_cpu,mask_disagreeing_voxels,0,voxels,success,
strip,case12,comparison,,reference_cpu__candidate_cpu,mask_geometry_error,0.0,affine coefficient,success,
strip,case12,comparison,,reference_cpu__candidate_cpu,sdt_mae_mm,0.0,mm,success,
strip,case12,comparison,,reference_cpu__candidate_cpu,sdt_rmse_mm,0.0,mm,success,
strip,case12,comparison,,reference_cpu__candidate_cpu,sdt_max_error_mm,0.0,mm,success,
strip,case12,comparison,,reference_cpu__candidate_cpu,stripped_image_nrmse,0.0,relative to reference RMS,success,
strip,case12,comparison,,reference_cpu__candidate_cpu,stripped_image_max_error,0.0,input intensity,success,
strip,case12,comparison,,reference_gpu__candidate_gpu,mask_dice,1.0,fraction,success,
strip,case12,comparison,,reference_gpu__candidate_gpu,mask_disagreeing_voxels,0,voxels,success,
strip,case12,comparison,,reference_gpu__candidate_gpu,mask_geometry_error,0.0,affine coefficient,success,
strip,case12,comparison,,reference_gpu__candidate_gpu,sdt_mae_mm,0.0,mm,success,
strip,case12,comparison,,reference_gpu__candidate_gpu,sdt_rmse_mm,0.0,mm,success,
strip,case12,comparison,,reference_gpu__candidate_gpu,sdt_max_error_mm,0.0,mm,success,
strip,case12,comparison,,reference_gpu__candidate_gpu,stripped_image_nrmse,0.0,relative to reference RMS,success,
strip,case12,comparison,,reference_gpu__candidate_gpu,stripped_image_max_error,0.0,input intensity,success,
strip,case12,comparison,,reference_cpu__reference_gpu,mask_dice,1.0,fraction,success,
strip,case12,comparison,,reference_cpu__reference_gpu,mask_disagreeing_voxels,0,voxels,success,
strip,case12,comparison,,reference_cpu__reference_gpu,mask_geometry_error,0.0,affine coefficient,success,
strip,case12,comparison,,reference_cpu__reference_gpu,sdt_mae_mm,1.0033449989979966e-06,mm,success,
strip,case12,comparison,,reference_cpu__reference_gpu,sdt_rmse_mm,1.32201904570675e-06,mm,success,
strip,case12,comparison,,reference_cpu__reference_gpu,sdt_max_error_mm,2.47955322265625e-05,mm,success,
strip,case12,comparison,,reference_cpu__reference_gpu,stripped_image_nrmse,0.0,relative to reference RMS,success,
strip,case12,comparison,,reference_cpu__reference_gpu,stripped_image_max_error,0.0,input intensity,success,
strip,case12,comparison,,candidate_cpu__candidate_gpu,mask_dice,1.0,fraction,success,
strip,case12,comparison,,candidate_cpu__candidate_gpu,mask_disagreeing_voxels,0,voxels,success,
strip,case12,comparison,,candidate_cpu__candidate_gpu,mask_geometry_error,0.0,affine coefficient,success,
strip,case12,comparison,,candidate_cpu__candidate_gpu,sdt_mae_mm,1.0033449989979966e-06,mm,success,
strip,case12,comparison,,candidate_cpu__candidate_gpu,sdt_rmse_mm,1.32201904570675e-06,mm,success,
strip,case12,comparison,,candidate_cpu__candidate_gpu,sdt_max_error_mm,2.47955322265625e-05,mm,success,
strip,case12,comparison,,candidate_cpu__candidate_gpu,stripped_image_nrmse,0.0,relative to reference RMS,success,
strip,case12,comparison,,candidate_cpu__candidate_gpu,stripped_image_max_error,0.0,input intensity,success,
morph,case01,comparison,,reference_cpu__candidate_cpu,warp_vector_mean_error_mm,7.582915789220298e-05,mm,success,
morph,case01,comparison,,reference_cpu__candidate_cpu,warp_vector_p95_error_mm,0.00014395112811365666,mm,success,
morph,case01,comparison,,reference_cpu__candidate_cpu,warp_vector_max_error_mm,0.0005014549781846613,mm,success,
morph,case01,comparison,,reference_cpu__candidate_cpu,warp_component_rmse_mm,4.903546696800947e-05,mm,success,
morph,case01,comparison,,reference_cpu__candidate_cpu,warp_component_max_error_mm,0.000457763671875,mm,success,
morph,case01,comparison,,reference_cpu__candidate_cpu,warp_source_geometry_error,0.0,affine coefficient,success,
morph,case01,comparison,,reference_cpu__candidate_cpu,warp_target_geometry_error,0.0,affine coefficient,success,
morph,case01,comparison,,reference_cpu__candidate_cpu,moved_image_nrmse,1.615035707069251e-05,relative to reference RMS,success,
morph,case01,comparison,,reference_cpu__candidate_cpu,moved_image_max_error,0.0472412109375,input intensity,success,
morph,case01,comparison,,reference_gpu__candidate_gpu,warp_vector_mean_error_mm,0.00011428526804792273,mm,success,
morph,case01,comparison,,reference_gpu__candidate_gpu,warp_vector_p95_error_mm,0.00020824194433526888,mm,success,
morph,case01,comparison,,reference_gpu__candidate_gpu,warp_vector_max_error_mm,0.0005610588473770213,mm,success,
morph,case01,comparison,,reference_gpu__candidate_gpu,warp_component_rmse_mm,7.35015406525674e-05,mm,success,
morph,case01,comparison,,reference_gpu__candidate_gpu,warp_component_max_error_mm,0.000518798828125,mm,success,
morph,case01,comparison,,reference_gpu__candidate_gpu,warp_source_geometry_error,0.0,affine coefficient,success,
morph,case01,comparison,,reference_gpu__candidate_gpu,warp_target_geometry_error,0.0,affine coefficient,success,
morph,case01,comparison,,reference_gpu__candidate_gpu,moved_image_nrmse,4.049554314850844e-05,relative to reference RMS,success,
morph,case01,comparison,,reference_gpu__candidate_gpu,moved_image_max_error,0.13840484619140625,input intensity,success,
morph,case01,comparison,,reference_cpu__reference_gpu,warp_vector_mean_error_mm,0.00010319718450781568,mm,success,
morph,case01,comparison,,reference_cpu__reference_gpu,warp_vector_p95_error_mm,0.0002004077993250076,mm,success,
morph,case01,comparison,,reference_cpu__reference_gpu,warp_vector_max_error_mm,0.0002951895465416428,mm,success,
morph,case01,comparison,,reference_cpu__reference_gpu,warp_component_rmse_mm,6.732848626653438e-05,mm,success,
morph,case01,comparison,,reference_cpu__reference_gpu,warp_component_max_error_mm,0.000274658203125,mm,success,
morph,case01,comparison,,reference_cpu__reference_gpu,warp_source_geometry_error,0.0,affine coefficient,success,
morph,case01,comparison,,reference_cpu__reference_gpu,warp_target_geometry_error,0.0,affine coefficient,success,
morph,case01,comparison,,reference_cpu__reference_gpu,moved_image_nrmse,3.22617382543651e-05,relative to reference RMS,success,
morph,case01,comparison,,reference_cpu__reference_gpu,moved_image_max_error,0.14312744140625,input intensity,success,
morph,case01,comparison,,candidate_cpu__candidate_gpu,warp_vector_mean_error_mm,3.6498260806058494e-05,mm,success,
morph,case01,comparison,,candidate_cpu__candidate_gpu,warp_vector_p95_error_mm,6.99245558922705e-05,mm,success,
morph,case01,comparison,,candidate_cpu__candidate_gpu,warp_vector_max_error_mm,0.0003115232297244919,mm,success,
morph,case01,comparison,,candidate_cpu__candidate_gpu,warp_component_rmse_mm,2.3687197311421852e-05,mm,success,
morph,case01,comparison,,candidate_cpu__candidate_gpu,warp_component_max_error_mm,0.0002288818359375,mm,success,
morph,case01,comparison,,candidate_cpu__candidate_gpu,warp_source_geometry_error,0.0,affine coefficient,success,
morph,case01,comparison,,candidate_cpu__candidate_gpu,warp_target_geometry_error,0.0,affine coefficient,success,
morph,case01,comparison,,candidate_cpu__candidate_gpu,moved_image_nrmse,1.1071701921778449e-05,relative to reference RMS,success,
morph,case01,comparison,,candidate_cpu__candidate_gpu,moved_image_max_error,0.042022705078125,input intensity,success,
morph,case01,single_arm,reference_cpu,,jacobian_fraction_nonpositive,0.0,fraction of target-grid voxels,success,
morph,case01,single_arm,reference_cpu,,jacobian_minimum,0.17110677103183725,dimensionless,success,
morph,case01,single_arm,reference_cpu,,jacobian_median,0.9007698394688521,dimensionless,success,
morph,case01,single_arm,reference_cpu,,jacobian_finite_fraction,1.0,fraction of target-grid voxels,success,
morph,case01,single_arm,reference_gpu,,jacobian_fraction_nonpositive,0.0,fraction of target-grid voxels,success,
morph,case01,single_arm,reference_gpu,,jacobian_minimum,0.17110797119351062,dimensionless,success,
morph,case01,single_arm,reference_gpu,,jacobian_median,0.9007719170469931,dimensionless,success,
morph,case01,single_arm,reference_gpu,,jacobian_finite_fraction,1.0,fraction of target-grid voxels,success,
morph,case01,single_arm,candidate_cpu,,jacobian_fraction_nonpositive,0.0,fraction of target-grid voxels,success,
morph,case01,single_arm,candidate_cpu,,jacobian_minimum,0.17110679339760948,dimensionless,success,
morph,case01,single_arm,candidate_cpu,,jacobian_median,0.9007715637579431,dimensionless,success,
morph,case01,single_arm,candidate_cpu,,jacobian_finite_fraction,1.0,fraction of target-grid voxels,success,
morph,case01,single_arm,candidate_gpu,,jacobian_fraction_nonpositive,0.0,fraction of target-grid voxels,success,
morph,case01,single_arm,candidate_gpu,,jacobian_minimum,0.17110699364001197,dimensionless,success,
morph,case01,single_arm,candidate_gpu,,jacobian_median,0.9007712248418895,dimensionless,success,
morph,case01,single_arm,candidate_gpu,,jacobian_finite_fraction,1.0,fraction of target-grid voxels,success,
morph,case02,comparison,,reference_cpu__candidate_cpu,warp_vector_mean_error_mm,7.988142288311507e-05,mm,success,
morph,case02,comparison,,reference_cpu__candidate_cpu,warp_vector_p95_error_mm,0.00016504903909899855,mm,success,
morph,case02,comparison,,reference_cpu__candidate_cpu,warp_vector_max_error_mm,0.0004887578545546559,mm,success,
morph,case02,comparison,,reference_cpu__candidate_cpu,warp_component_rmse_mm,5.274631145309072e-05,mm,success,
morph,case02,comparison,,reference_cpu__candidate_cpu,warp_component_max_error_mm,0.0003662109375,mm,success,
morph,case02,comparison,,reference_cpu__candidate_cpu,warp_source_geometry_error,0.0,affine coefficient,success,
morph,case02,comparison,,reference_cpu__candidate_cpu,warp_target_geometry_error,0.0,affine coefficient,success,
morph,case02,comparison,,reference_cpu__candidate_cpu,moved_image_nrmse,1.746995260425242e-05,relative to reference RMS,success,
morph,case02,comparison,,reference_cpu__candidate_cpu,moved_image_max_error,0.04547119140625,input intensity,success,
morph,case02,comparison,,reference_gpu__candidate_gpu,warp_vector_mean_error_mm,8.705391463569313e-05,mm,success,
morph,case02,comparison,,reference_gpu__candidate_gpu,warp_vector_p95_error_mm,0.00016381004755847083,mm,success,
morph,case02,comparison,,reference_gpu__candidate_gpu,warp_vector_max_error_mm,0.00028546580404464276,mm,success,
morph,case02,comparison,,reference_gpu__candidate_gpu,warp_component_rmse_mm,5.590897363375225e-05,mm,success,
morph,case02,comparison,,reference_gpu__candidate_gpu,warp_component_max_error_mm,0.0002288818359375,mm,success,
morph,case02,comparison,,reference_gpu__candidate_gpu,warp_source_geometry_error,0.0,affine coefficient,success,
morph,case02,comparison,,reference_gpu__candidate_gpu,warp_target_geometry_error,0.0,affine coefficient,success,
morph,case02,comparison,,reference_gpu__candidate_gpu,moved_image_nrmse,2.7824278790494427e-05,relative to reference RMS,success,
morph,case02,comparison,,reference_gpu__candidate_gpu,moved_image_max_error,0.12109375,input intensity,success,
morph,case02,comparison,,reference_cpu__reference_gpu,warp_vector_mean_error_mm,7.454926666058365e-05,mm,success,
morph,case02,comparison,,reference_cpu__reference_gpu,warp_vector_p95_error_mm,0.00012902476902227602,mm,success,
morph,case02,comparison,,reference_cpu__reference_gpu,warp_vector_max_error_mm,0.00031419769717367556,mm,success,
morph,case02,comparison,,reference_cpu__reference_gpu,warp_component_rmse_mm,4.663069011377036e-05,mm,success,
morph,case02,comparison,,reference_cpu__reference_gpu,warp_component_max_error_mm,0.0002899169921875,mm,success,
morph,case02,comparison,,reference_cpu__reference_gpu,warp_source_geometry_error,0.0,affine coefficient,success,
morph,case02,comparison,,reference_cpu__reference_gpu,warp_target_geometry_error,0.0,affine coefficient,success,
morph,case02,comparison,,reference_cpu__reference_gpu,moved_image_nrmse,2.4731262659853947e-05,relative to reference RMS,success,
morph,case02,comparison,,reference_cpu__reference_gpu,moved_image_max_error,0.098114013671875,input intensity,success,
morph,case02,comparison,,candidate_cpu__candidate_gpu,warp_vector_mean_error_mm,6.997137560322406e-05,mm,success,
morph,case02,comparison,,candidate_cpu__candidate_gpu,warp_vector_p95_error_mm,0.000151823034226474,mm,success,
morph,case02,comparison,,candidate_cpu__candidate_gpu,warp_vector_max_error_mm,0.00027561022748090274,mm,success,
morph,case02,comparison,,candidate_cpu__candidate_gpu,warp_component_rmse_mm,4.81426963631454e-05,mm,success,
morph,case02,comparison,,candidate_cpu__candidate_gpu,warp_component_max_error_mm,0.000225067138671875,mm,success,
morph,case02,comparison,,candidate_cpu__candidate_gpu,warp_source_geometry_error,0.0,affine coefficient,success,
morph,case02,comparison,,candidate_cpu__candidate_gpu,warp_target_geometry_error,0.0,affine coefficient,success,
morph,case02,comparison,,candidate_cpu__candidate_gpu,moved_image_nrmse,1.6419355979297363e-05,relative to reference RMS,success,
morph,case02,comparison,,candidate_cpu__candidate_gpu,moved_image_max_error,0.09375,input intensity,success,
morph,case02,single_arm,reference_cpu,,jacobian_fraction_nonpositive,0.0,fraction of target-grid voxels,success,
morph,case02,single_arm,reference_cpu,,jacobian_minimum,0.2193297597774654,dimensionless,success,
morph,case02,single_arm,reference_cpu,,jacobian_median,0.8272566353436407,dimensionless,success,
morph,case02,single_arm,reference_cpu,,jacobian_finite_fraction,1.0,fraction of target-grid voxels,success,
morph,case02,single_arm,reference_gpu,,jacobian_fraction_nonpositive,0.0,fraction of target-grid voxels,success,
morph,case02,single_arm,reference_gpu,,jacobian_minimum,0.21933013499744158,dimensionless,success,
morph,case02,single_arm,reference_gpu,,jacobian_median,0.8272551977524919,dimensionless,success,
morph,case02,single_arm,reference_gpu,,jacobian_finite_fraction,1.0,fraction of target-grid voxels,success,
morph,case02,single_arm,candidate_cpu,,jacobian_fraction_nonpositive,0.0,fraction of target-grid voxels,success,
morph,case02,single_arm,candidate_cpu,,jacobian_minimum,0.21933034508264818,dimensionless,success,
morph,case02,single_arm,candidate_cpu,,jacobian_median,0.8272561542897329,dimensionless,success,
morph,case02,single_arm,candidate_cpu,,jacobian_finite_fraction,1.0,fraction of target-grid voxels,success,
morph,case02,single_arm,candidate_gpu,,jacobian_fraction_nonpositive,0.0,fraction of target-grid voxels,success,
morph,case02,single_arm,candidate_gpu,,jacobian_minimum,0.21932819385681737,dimensionless,success,
morph,case02,single_arm,candidate_gpu,,jacobian_median,0.8272572797194767,dimensionless,success,
morph,case02,single_arm,candidate_gpu,,jacobian_finite_fraction,1.0,fraction of target-grid voxels,success,
morph,case03,comparison,,reference_cpu__candidate_cpu,warp_vector_mean_error_mm,6.531590450880453e-05,mm,success,
morph,case03,comparison,,reference_cpu__candidate_cpu,warp_vector_p95_error_mm,0.00012419754483108296,mm,success,
morph,case03,comparison,,reference_cpu__candidate_cpu,warp_vector_max_error_mm,0.00032735348438911335,mm,success,
morph,case03,comparison,,reference_cpu__candidate_cpu,warp_component_rmse_mm,4.175943851316376e-05,mm,success,
morph,case03,comparison,,reference_cpu__candidate_cpu,warp_component_max_error_mm,0.0002899169921875,mm,success,
morph,case03,comparison,,reference_cpu__candidate_cpu,warp_source_geometry_error,3.469446951953614e-18,affine coefficient,success,
morph,case03,comparison,,reference_cpu__candidate_cpu,warp_target_geometry_error,0.0,affine coefficient,success,
morph,case03,comparison,,reference_cpu__candidate_cpu,moved_image_nrmse,1.7812568522323353e-05,relative to reference RMS,success,
morph,case03,comparison,,reference_cpu__candidate_cpu,moved_image_max_error,0.0380859375,input intensity,success,
morph,case03,comparison,,reference_gpu__candidate_gpu,warp_vector_mean_error_mm,8.91385894506025e-05,mm,success,
morph,case03,comparison,,reference_gpu__candidate_gpu,warp_vector_p95_error_mm,0.00017098186363994575,mm,success,
morph,case03,comparison,,reference_gpu__candidate_gpu,warp_vector_max_error_mm,0.00045763649763393626,mm,success,
morph,case03,comparison,,reference_gpu__candidate_gpu,warp_component_rmse_mm,5.689068455811199e-05,mm,success,
morph,case03,comparison,,reference_gpu__candidate_gpu,warp_component_max_error_mm,0.00045013427734375,mm,success,
morph,case03,comparison,,reference_gpu__candidate_gpu,warp_source_geometry_error,3.469446951953614e-18,affine coefficient,success,
morph,case03,comparison,,reference_gpu__candidate_gpu,warp_target_geometry_error,0.0,affine coefficient,success,
morph,case03,comparison,,reference_gpu__candidate_gpu,moved_image_nrmse,2.1179854352804453e-05,relative to reference RMS,success,
morph,case03,comparison,,reference_gpu__candidate_gpu,moved_image_max_error,0.0458984375,input intensity,success,
morph,case03,comparison,,reference_cpu__reference_gpu,warp_vector_mean_error_mm,8.649027847920044e-05,mm,success,
morph,case03,comparison,,reference_cpu__reference_gpu,warp_vector_p95_error_mm,0.0001680199855464572,mm,success,
morph,case03,comparison,,reference_cpu__reference_gpu,warp_vector_max_error_mm,0.0003336279358533665,mm,success,
morph,case03,comparison,,reference_cpu__reference_gpu,warp_component_rmse_mm,5.6020037960916964e-05,mm,success,
morph,case03,comparison,,reference_cpu__reference_gpu,warp_component_max_error_mm,0.0002899169921875,mm,success,
morph,case03,comparison,,reference_cpu__reference_gpu,warp_source_geometry_error,0.0,affine coefficient,success,
morph,case03,comparison,,reference_cpu__reference_gpu,warp_target_geometry_error,0.0,affine coefficient,success,
morph,case03,comparison,,reference_cpu__reference_gpu,moved_image_nrmse,2.5341982861163168e-05,relative to reference RMS,success,
morph,case03,comparison,,reference_cpu__reference_gpu,moved_image_max_error,0.06109619140625,input intensity,success,
morph,case03,comparison,,candidate_cpu__candidate_gpu,warp_vector_mean_error_mm,3.99625882087732e-05,mm,success,
morph,case03,comparison,,candidate_cpu__candidate_gpu,warp_vector_p95_error_mm,7.667446610352241e-05,mm,success,
morph,case03,comparison,,candidate_cpu__candidate_gpu,warp_vector_max_error_mm,0.00019659574473152353,mm,success,
morph,case03,comparison,,candidate_cpu__candidate_gpu,warp_component_rmse_mm,2.574682927641039e-05,mm,success,
morph,case03,comparison,,candidate_cpu__candidate_gpu,warp_component_max_error_mm,0.0001678466796875,mm,success,
morph,case03,comparison,,candidate_cpu__candidate_gpu,warp_source_geometry_error,0.0,affine coefficient,success,
morph,case03,comparison,,candidate_cpu__candidate_gpu,warp_target_geometry_error,0.0,affine coefficient,success,
morph,case03,comparison,,candidate_cpu__candidate_gpu,moved_image_nrmse,1.0241680950426663e-05,relative to reference RMS,success,
morph,case03,comparison,,candidate_cpu__candidate_gpu,moved_image_max_error,0.03692626953125,input intensity,success,
morph,case03,single_arm,reference_cpu,,jacobian_fraction_nonpositive,0.0,fraction of target-grid voxels,success,
morph,case03,single_arm,reference_cpu,,jacobian_minimum,0.15739112756242532,dimensionless,success,
morph,case03,single_arm,reference_cpu,,jacobian_median,0.676032001625635,dimensionless,success,
morph,case03,single_arm,reference_cpu,,jacobian_finite_fraction,1.0,fraction of target-grid voxels,success,
morph,case03,single_arm,reference_gpu,,jacobian_fraction_nonpositive,0.0,fraction of target-grid voxels,success,
morph,case03,single_arm,reference_gpu,,jacobian_minimum,0.15739001448149134,dimensionless,success,
morph,case03,single_arm,reference_gpu,,jacobian_median,0.6760306883977202,dimensionless,success,
morph,case03,single_arm,reference_gpu,,jacobian_finite_fraction,1.0,fraction of target-grid voxels,success,
morph,case03,single_arm,candidate_cpu,,jacobian_fraction_nonpositive,0.0,fraction of target-grid voxels,success,
morph,case03,single_arm,candidate_cpu,,jacobian_minimum,0.15739122673019593,dimensionless,success,
morph,case03,single_arm,candidate_cpu,,jacobian_median,0.6760309628548753,dimensionless,success,
morph,case03,single_arm,candidate_cpu,,jacobian_finite_fraction,1.0,fraction of target-grid voxels,success,
morph,case03,single_arm,candidate_gpu,,jacobian_fraction_nonpositive,0.0,fraction of target-grid voxels,success,
morph,case03,single_arm,candidate_gpu,,jacobian_minimum,0.15738984411755688,dimensionless,success,
morph,case03,single_arm,candidate_gpu,,jacobian_median,0.6760313695951379,dimensionless,success,
morph,case03,single_arm,candidate_gpu,,jacobian_finite_fraction,1.0,fraction of target-grid voxels,success,
morph,case04,comparison,,reference_cpu__candidate_cpu,warp_vector_mean_error_mm,7.850147118571981e-05,mm,success,
morph,case04,comparison,,reference_cpu__candidate_cpu,warp_vector_p95_error_mm,0.0001400570659689775,mm,success,
morph,case04,comparison,,reference_cpu__candidate_cpu,warp_vector_max_error_mm,0.00024041673670331925,mm,success,
morph,case04,comparison,,reference_cpu__candidate_cpu,warp_component_rmse_mm,4.94732156654309e-05,mm,success,
morph,case04,comparison,,reference_cpu__candidate_cpu,warp_component_max_error_mm,0.00022125244140625,mm,success,
morph,case04,comparison,,reference_cpu__candidate_cpu,warp_source_geometry_error,0.0,affine coefficient,success,
morph,case04,comparison,,reference_cpu__candidate_cpu,warp_target_geometry_error,0.0,affine coefficient,success,
morph,case04,comparison,,reference_cpu__candidate_cpu,moved_image_nrmse,2.3164323013747786e-05,relative to reference RMS,success,
morph,case04,comparison,,reference_cpu__candidate_cpu,moved_image_max_error,0.07220458984375,input intensity,success,
morph,case04,comparison,,reference_gpu__candidate_gpu,warp_vector_mean_error_mm,9.276030291315425e-05,mm,success,
morph,case04,comparison,,reference_gpu__candidate_gpu,warp_vector_p95_error_mm,0.00015143915741942755,mm,success,
morph,case04,comparison,,reference_gpu__candidate_gpu,warp_vector_max_error_mm,0.0002983278624880547,mm,success,
morph,case04,comparison,,reference_gpu__candidate_gpu,warp_component_rmse_mm,5.722456816601395e-05,mm,success,
morph,case04,comparison,,reference_gpu__candidate_gpu,warp_component_max_error_mm,0.0002593994140625,mm,success,
morph,case04,comparison,,reference_gpu__candidate_gpu,warp_source_geometry_error,0.0,affine coefficient,success,
morph,case04,comparison,,reference_gpu__candidate_gpu,warp_target_geometry_error,0.0,affine coefficient,success,
morph,case04,comparison,,reference_gpu__candidate_gpu,moved_image_nrmse,3.390101614708784e-05,relative to reference RMS,success,
morph,case04,comparison,,reference_gpu__candidate_gpu,moved_image_max_error,0.072998046875,input intensity,success,
morph,case04,comparison,,reference_cpu__reference_gpu,warp_vector_mean_error_mm,5.574645508797304e-05,mm,success,
morph,case04,comparison,,reference_cpu__reference_gpu,warp_vector_p95_error_mm,8.929977348876668e-05,mm,success,
morph,case04,comparison,,reference_cpu__reference_gpu,warp_vector_max_error_mm,0.00022904072650570793,mm,success,
morph,case04,comparison,,reference_cpu__reference_gpu,warp_component_rmse_mm,3.442339375215901e-05,mm,success,
morph,case04,comparison,,reference_cpu__reference_gpu,warp_component_max_error_mm,0.00018310546875,mm,success,
morph,case04,comparison,,reference_cpu__reference_gpu,warp_source_geometry_error,0.0,affine coefficient,success,
morph,case04,comparison,,reference_cpu__reference_gpu,warp_target_geometry_error,0.0,affine coefficient,success,
morph,case04,comparison,,reference_cpu__reference_gpu,moved_image_nrmse,1.9248480068795056e-05,relative to reference RMS,success,
morph,case04,comparison,,reference_cpu__reference_gpu,moved_image_max_error,0.027099609375,input intensity,success,
morph,case04,comparison,,candidate_cpu__candidate_gpu,warp_vector_mean_error_mm,2.6301112527031778e-05,mm,success,
morph,case04,comparison,,candidate_cpu__candidate_gpu,warp_vector_p95_error_mm,5.017450881182062e-05,mm,success,
morph,case04,comparison,,candidate_cpu__candidate_gpu,warp_vector_max_error_mm,0.0001299239072107422,mm,success,
morph,case04,comparison,,candidate_cpu__candidate_gpu,warp_component_rmse_mm,1.7185335893833163e-05,mm,success,
morph,case04,comparison,,candidate_cpu__candidate_gpu,warp_component_max_error_mm,0.0001220703125,mm,success,
morph,case04,comparison,,candidate_cpu__candidate_gpu,warp_source_geometry_error,0.0,affine coefficient,success,
morph,case04,comparison,,candidate_cpu__candidate_gpu,warp_target_geometry_error,0.0,affine coefficient,success,
morph,case04,comparison,,candidate_cpu__candidate_gpu,moved_image_nrmse,8.030927084120457e-06,relative to reference RMS,success,
morph,case04,comparison,,candidate_cpu__candidate_gpu,moved_image_max_error,0.0147857666015625,input intensity,success,
morph,case04,single_arm,reference_cpu,,jacobian_fraction_nonpositive,0.0,fraction of target-grid voxels,success,
morph,case04,single_arm,reference_cpu,,jacobian_minimum,0.18559349131230082,dimensionless,success,
morph,case04,single_arm,reference_cpu,,jacobian_median,0.7555905511456064,dimensionless,success,
morph,case04,single_arm,reference_cpu,,jacobian_finite_fraction,1.0,fraction of target-grid voxels,success,
morph,case04,single_arm,reference_gpu,,jacobian_fraction_nonpositive,0.0,fraction of target-grid voxels,success,
morph,case04,single_arm,reference_gpu,,jacobian_minimum,0.185595348991317,dimensionless,success,
morph,case04,single_arm,reference_gpu,,jacobian_median,0.7555905613260322,dimensionless,success,
morph,case04,single_arm,reference_gpu,,jacobian_finite_fraction,1.0,fraction of target-grid voxels,success,
morph,case04,single_arm,candidate_cpu,,jacobian_fraction_nonpositive,0.0,fraction of target-grid voxels,success,
morph,case04,single_arm,candidate_cpu,,jacobian_minimum,0.18559719854723286,dimensionless,success,
morph,case04,single_arm,candidate_cpu,,jacobian_median,0.755589481553272,dimensionless,success,
morph,case04,single_arm,candidate_cpu,,jacobian_finite_fraction,1.0,fraction of target-grid voxels,success,
morph,case04,single_arm,candidate_gpu,,jacobian_fraction_nonpositive,0.0,fraction of target-grid voxels,success,
morph,case04,single_arm,candidate_gpu,,jacobian_minimum,0.18559602760591615,dimensionless,success,
morph,case04,single_arm,candidate_gpu,,jacobian_median,0.7555900357804448,dimensionless,success,
morph,case04,single_arm,candidate_gpu,,jacobian_finite_fraction,1.0,fraction of target-grid voxels,success,
morph,case05,comparison,,reference_cpu__candidate_cpu,warp_vector_mean_error_mm,8.468773657181836e-05,mm,success,
morph,case05,comparison,,reference_cpu__candidate_cpu,warp_vector_p95_error_mm,0.00017397696305834014,mm,success,
morph,case05,comparison,,reference_cpu__candidate_cpu,warp_vector_max_error_mm,0.0003055570128555418,mm,success,
morph,case05,comparison,,reference_cpu__candidate_cpu,warp_component_rmse_mm,5.577967854931763e-05,mm,success,
morph,case05,comparison,,reference_cpu__candidate_cpu,warp_component_max_error_mm,0.00030517578125,mm,success,
morph,case05,comparison,,reference_cpu__candidate_cpu,warp_source_geometry_error,0.0,affine coefficient,success,
morph,case05,comparison,,reference_cpu__candidate_cpu,warp_target_geometry_error,0.0,affine coefficient,success,
morph,case05,comparison,,reference_cpu__candidate_cpu,moved_image_nrmse,2.3542640937585804e-05,relative to reference RMS,success,
morph,case05,comparison,,reference_cpu__candidate_cpu,moved_image_max_error,0.039093017578125,input intensity,success,
morph,case05,comparison,,reference_gpu__candidate_gpu,warp_vector_mean_error_mm,5.042577694885812e-05,mm,success,
morph,case05,comparison,,reference_gpu__candidate_gpu,warp_vector_p95_error_mm,8.765506967984052e-05,mm,success,
morph,case05,comparison,,reference_gpu__candidate_gpu,warp_vector_max_error_mm,0.0003735287983671157,mm,success,
morph,case05,comparison,,reference_gpu__candidate_gpu,warp_component_rmse_mm,3.1771149992582256e-05,mm,success,
morph,case05,comparison,,reference_gpu__candidate_gpu,warp_component_max_error_mm,0.0003509521484375,mm,success,
morph,case05,comparison,,reference_gpu__candidate_gpu,warp_source_geometry_error,0.0,affine coefficient,success,
morph,case05,comparison,,reference_gpu__candidate_gpu,warp_target_geometry_error,0.0,affine coefficient,success,
morph,case05,comparison,,reference_gpu__candidate_gpu,moved_image_nrmse,1.3784766248915295e-05,relative to reference RMS,success,
morph,case05,comparison,,reference_gpu__candidate_gpu,moved_image_max_error,0.0234222412109375,input intensity,success,
morph,case05,comparison,,reference_cpu__reference_gpu,warp_vector_mean_error_mm,0.00010808199857233719,mm,success,
morph,case05,comparison,,reference_cpu__reference_gpu,warp_vector_p95_error_mm,0.00020977366767681153,mm,success,
morph,case05,comparison,,reference_cpu__reference_gpu,warp_vector_max_error_mm,0.0004913709163850286,mm,success,
morph,case05,comparison,,reference_cpu__reference_gpu,warp_component_rmse_mm,7.078098744265467e-05,mm,success,
morph,case05,comparison,,reference_cpu__reference_gpu,warp_component_max_error_mm,0.000457763671875,mm,success,
morph,case05,comparison,,reference_cpu__reference_gpu,warp_source_geometry_error,0.0,affine coefficient,success,
morph,case05,comparison,,reference_cpu__reference_gpu,warp_target_geometry_error,0.0,affine coefficient,success,
morph,case05,comparison,,reference_cpu__reference_gpu,moved_image_nrmse,3.2166766048512666e-05,relative to reference RMS,success,
morph,case05,comparison,,reference_cpu__reference_gpu,moved_image_max_error,0.058929443359375,input intensity,success,
morph,case05,comparison,,candidate_cpu__candidate_gpu,warp_vector_mean_error_mm,2.266301117772302e-05,mm,success,
morph,case05,comparison,,candidate_cpu__candidate_gpu,warp_vector_p95_error_mm,4.315837287515549e-05,mm,success,
morph,case05,comparison,,candidate_cpu__candidate_gpu,warp_vector_max_error_mm,9.896180550440099e-05,mm,success,
morph,case05,comparison,,candidate_cpu__candidate_gpu,warp_component_rmse_mm,1.491451218481182e-05,mm,success,
morph,case05,comparison,,candidate_cpu__candidate_gpu,warp_component_max_error_mm,9.1552734375e-05,mm,success,
morph,case05,comparison,,candidate_cpu__candidate_gpu,warp_source_geometry_error,0.0,affine coefficient,success,
morph,case05,comparison,,candidate_cpu__candidate_gpu,warp_target_geometry_error,0.0,affine coefficient,success,
morph,case05,comparison,,candidate_cpu__candidate_gpu,moved_image_nrmse,5.75469593172605e-06,relative to reference RMS,success,
morph,case05,comparison,,candidate_cpu__candidate_gpu,moved_image_max_error,0.01513671875,input intensity,success,
morph,case05,single_arm,reference_cpu,,jacobian_fraction_nonpositive,0.0,fraction of target-grid voxels,success,
morph,case05,single_arm,reference_cpu,,jacobian_minimum,0.18353400121258082,dimensionless,success,
morph,case05,single_arm,reference_cpu,,jacobian_median,0.8123975387080296,dimensionless,success,
morph,case05,single_arm,reference_cpu,,jacobian_finite_fraction,1.0,fraction of target-grid voxels,success,
morph,case05,single_arm,reference_gpu,,jacobian_fraction_nonpositive,0.0,fraction of target-grid voxels,success,
morph,case05,single_arm,reference_gpu,,jacobian_minimum,0.18353806868752665,dimensionless,success,
morph,case05,single_arm,reference_gpu,,jacobian_median,0.8124010094656736,dimensionless,success,
morph,case05,single_arm,reference_gpu,,jacobian_finite_fraction,1.0,fraction of target-grid voxels,success,
morph,case05,single_arm,candidate_cpu,,jacobian_fraction_nonpositive,0.0,fraction of target-grid voxels,success,
morph,case05,single_arm,candidate_cpu,,jacobian_minimum,0.18353316353066473,dimensionless,success,
morph,case05,single_arm,candidate_cpu,,jacobian_median,0.8124003357908829,dimensionless,success,
morph,case05,single_arm,candidate_cpu,,jacobian_finite_fraction,1.0,fraction of target-grid voxels,success,
morph,case05,single_arm,candidate_gpu,,jacobian_fraction_nonpositive,0.0,fraction of target-grid voxels,success,
morph,case05,single_arm,candidate_gpu,,jacobian_minimum,0.1835352368050733,dimensionless,success,
morph,case05,single_arm,candidate_gpu,,jacobian_median,0.8124009213311303,dimensionless,success,
morph,case05,single_arm,candidate_gpu,,jacobian_finite_fraction,1.0,fraction of target-grid voxels,success,
morph,case06,comparison,,reference_cpu__candidate_cpu,warp_vector_mean_error_mm,3.0244581604782696e-05,mm,success,
morph,case06,comparison,,reference_cpu__candidate_cpu,warp_vector_p95_error_mm,5.501634636633284e-05,mm,success,
morph,case06,comparison,,reference_cpu__candidate_cpu,warp_vector_max_error_mm,0.000163854458579365,mm,success,
morph,case06,comparison,,reference_cpu__candidate_cpu,warp_component_rmse_mm,1.9238298743121086e-05,mm,success,
morph,case06,comparison,,reference_cpu__candidate_cpu,warp_component_max_error_mm,0.000152587890625,mm,success,
morph,case06,comparison,,reference_cpu__candidate_cpu,warp_source_geometry_error,0.0,affine coefficient,success,
morph,case06,comparison,,reference_cpu__candidate_cpu,warp_target_geometry_error,0.0,affine coefficient,success,
morph,case06,comparison,,reference_cpu__candidate_cpu,moved_image_nrmse,8.633072061058728e-06,relative to reference RMS,success,
morph,case06,comparison,,reference_cpu__candidate_cpu,moved_image_max_error,0.0160980224609375,input intensity,success,
morph,case06,comparison,,reference_gpu__candidate_gpu,warp_vector_mean_error_mm,6.603525426394304e-05,mm,success,
morph,case06,comparison,,reference_gpu__candidate_gpu,warp_vector_p95_error_mm,0.0001321449895911314,mm,success,
morph,case06,comparison,,reference_gpu__candidate_gpu,warp_vector_max_error_mm,0.00025257790156931836,mm,success,
morph,case06,comparison,,reference_gpu__candidate_gpu,warp_component_rmse_mm,4.3007419018896935e-05,mm,success,
morph,case06,comparison,,reference_gpu__candidate_gpu,warp_component_max_error_mm,0.000213623046875,mm,success,
morph,case06,comparison,,reference_gpu__candidate_gpu,warp_source_geometry_error,0.0,affine coefficient,success,
morph,case06,comparison,,reference_gpu__candidate_gpu,warp_target_geometry_error,0.0,affine coefficient,success,
morph,case06,comparison,,reference_gpu__candidate_gpu,moved_image_nrmse,2.1374976141507173e-05,relative to reference RMS,success,
morph,case06,comparison,,reference_gpu__candidate_gpu,moved_image_max_error,0.02889251708984375,input intensity,success,
morph,case06,comparison,,reference_cpu__reference_gpu,warp_vector_mean_error_mm,7.525877688252431e-05,mm,success,
morph,case06,comparison,,reference_cpu__reference_gpu,warp_vector_p95_error_mm,0.00015377536293599222,mm,success,
morph,case06,comparison,,reference_cpu__reference_gpu,warp_vector_max_error_mm,0.0002738091803730219,mm,success,
morph,case06,comparison,,reference_cpu__reference_gpu,warp_component_rmse_mm,4.951232117262708e-05,mm,success,
morph,case06,comparison,,reference_cpu__reference_gpu,warp_component_max_error_mm,0.0002288818359375,mm,success,
morph,case06,comparison,,reference_cpu__reference_gpu,warp_source_geometry_error,0.0,affine coefficient,success,
morph,case06,comparison,,reference_cpu__reference_gpu,warp_target_geometry_error,0.0,affine coefficient,success,
morph,case06,comparison,,reference_cpu__reference_gpu,moved_image_nrmse,2.5322488817001032e-05,relative to reference RMS,success,
morph,case06,comparison,,reference_cpu__reference_gpu,moved_image_max_error,0.03887176513671875,input intensity,success,
morph,case06,comparison,,candidate_cpu__candidate_gpu,warp_vector_mean_error_mm,2.0402800353440554e-05,mm,success,
morph,case06,comparison,,candidate_cpu__candidate_gpu,warp_vector_p95_error_mm,3.8902431591741825e-05,mm,success,
morph,case06,comparison,,candidate_cpu__candidate_gpu,warp_vector_max_error_mm,9.7703922079969e-05,mm,success,
morph,case06,comparison,,candidate_cpu__candidate_gpu,warp_component_rmse_mm,1.3662899193572341e-05,mm,success,
morph,case06,comparison,,candidate_cpu__candidate_gpu,warp_component_max_error_mm,9.1552734375e-05,mm,success,
morph,case06,comparison,,candidate_cpu__candidate_gpu,warp_source_geometry_error,0.0,affine coefficient,success,
morph,case06,comparison,,candidate_cpu__candidate_gpu,warp_target_geometry_error,0.0,affine coefficient,success,
morph,case06,comparison,,candidate_cpu__candidate_gpu,moved_image_nrmse,5.7642470288596535e-06,relative to reference RMS,success,
morph,case06,comparison,,candidate_cpu__candidate_gpu,moved_image_max_error,0.0095062255859375,input intensity,success,
morph,case06,single_arm,reference_cpu,,jacobian_fraction_nonpositive,0.0,fraction of target-grid voxels,success,
morph,case06,single_arm,reference_cpu,,jacobian_minimum,0.1373263716670472,dimensionless,success,
morph,case06,single_arm,reference_cpu,,jacobian_median,0.7895710184993364,dimensionless,success,
morph,case06,single_arm,reference_cpu,,jacobian_finite_fraction,1.0,fraction of target-grid voxels,success,
morph,case06,single_arm,reference_gpu,,jacobian_fraction_nonpositive,0.0,fraction of target-grid voxels,success,
morph,case06,single_arm,reference_gpu,,jacobian_minimum,0.1373245439319463,dimensionless,success,
morph,case06,single_arm,reference_gpu,,jacobian_median,0.7895704136929979,dimensionless,success,
morph,case06,single_arm,reference_gpu,,jacobian_finite_fraction,1.0,fraction of target-grid voxels,success,
morph,case06,single_arm,candidate_cpu,,jacobian_fraction_nonpositive,0.0,fraction of target-grid voxels,success,
morph,case06,single_arm,candidate_cpu,,jacobian_minimum,0.13732520608019158,dimensionless,success,
morph,case06,single_arm,candidate_cpu,,jacobian_median,0.7895709063390522,dimensionless,success,
morph,case06,single_arm,candidate_cpu,,jacobian_finite_fraction,1.0,fraction of target-grid voxels,success,
morph,case06,single_arm,candidate_gpu,,jacobian_fraction_nonpositive,0.0,fraction of target-grid voxels,success,
morph,case06,single_arm,candidate_gpu,,jacobian_minimum,0.13732682397000553,dimensionless,success,
morph,case06,single_arm,candidate_gpu,,jacobian_median,0.7895708347325966,dimensionless,success,
morph,case06,single_arm,candidate_gpu,,jacobian_finite_fraction,1.0,fraction of target-grid voxels,success,
morph,case07,comparison,,reference_cpu__candidate_cpu,warp_vector_mean_error_mm,7.308088700282267e-05,mm,success,
morph,case07,comparison,,reference_cpu__candidate_cpu,warp_vector_p95_error_mm,0.00013302303904848248,mm,success,
morph,case07,comparison,,reference_cpu__candidate_cpu,warp_vector_max_error_mm,0.0003393365662613844,mm,success,
morph,case07,comparison,,reference_cpu__candidate_cpu,warp_component_rmse_mm,4.6176569841530157e-05,mm,success,
morph,case07,comparison,,reference_cpu__candidate_cpu,warp_component_max_error_mm,0.0002899169921875,mm,success,
morph,case07,comparison,,reference_cpu__candidate_cpu,warp_source_geometry_error,0.0,affine coefficient,success,
morph,case07,comparison,,reference_cpu__candidate_cpu,warp_target_geometry_error,0.0,affine coefficient,success,
morph,case07,comparison,,reference_cpu__candidate_cpu,moved_image_nrmse,1.9304061502187275e-05,relative to reference RMS,success,
morph,case07,comparison,,reference_cpu__candidate_cpu,moved_image_max_error,0.03076171875,input intensity,success,
morph,case07,comparison,,reference_gpu__candidate_gpu,warp_vector_mean_error_mm,0.00010149691239975685,mm,success,
morph,case07,comparison,,reference_gpu__candidate_gpu,warp_vector_p95_error_mm,0.00019733455133632755,mm,success,
morph,case07,comparison,,reference_gpu__candidate_gpu,warp_vector_max_error_mm,0.00038639701117250364,mm,success,
morph,case07,comparison,,reference_gpu__candidate_gpu,warp_component_rmse_mm,6.51875253742529e-05,mm,success,
morph,case07,comparison,,reference_gpu__candidate_gpu,warp_component_max_error_mm,0.000335693359375,mm,success,
morph,case07,comparison,,reference_gpu__candidate_gpu,warp_source_geometry_error,0.0,affine coefficient,success,
morph,case07,comparison,,reference_gpu__candidate_gpu,warp_target_geometry_error,0.0,affine coefficient,success,
morph,case07,comparison,,reference_gpu__candidate_gpu,moved_image_nrmse,2.9905319095763517e-05,relative to reference RMS,success,
morph,case07,comparison,,reference_gpu__candidate_gpu,moved_image_max_error,0.04804229736328125,input intensity,success,
morph,case07,comparison,,reference_cpu__reference_gpu,warp_vector_mean_error_mm,7.559451980920492e-05,mm,success,
morph,case07,comparison,,reference_cpu__reference_gpu,warp_vector_p95_error_mm,0.00014314012938914275,mm,success,
morph,case07,comparison,,reference_cpu__reference_gpu,warp_vector_max_error_mm,0.00028282835432525604,mm,success,
morph,case07,comparison,,reference_cpu__reference_gpu,warp_component_rmse_mm,4.857868083445798e-05,mm,success,
morph,case07,comparison,,reference_cpu__reference_gpu,warp_component_max_error_mm,0.000274658203125,mm,success,
morph,case07,comparison,,reference_cpu__reference_gpu,warp_source_geometry_error,0.0,affine coefficient,success,
morph,case07,comparison,,reference_cpu__reference_gpu,warp_target_geometry_error,0.0,affine coefficient,success,
morph,case07,comparison,,reference_cpu__reference_gpu,moved_image_nrmse,1.8912853803589926e-05,relative to reference RMS,success,
morph,case07,comparison,,reference_cpu__reference_gpu,moved_image_max_error,0.032562255859375,input intensity,success,
morph,case07,comparison,,candidate_cpu__candidate_gpu,warp_vector_mean_error_mm,5.5047114119115074e-05,mm,success,
morph,case07,comparison,,candidate_cpu__candidate_gpu,warp_vector_p95_error_mm,0.00011444091796875,mm,success,
morph,case07,comparison,,candidate_cpu__candidate_gpu,warp_vector_max_error_mm,0.00023369496753687443,mm,success,
morph,case07,comparison,,candidate_cpu__candidate_gpu,warp_component_rmse_mm,3.6660709603508445e-05,mm,success,
morph,case07,comparison,,candidate_cpu__candidate_gpu,warp_component_max_error_mm,0.000213623046875,mm,success,
morph,case07,comparison,,candidate_cpu__candidate_gpu,warp_source_geometry_error,0.0,affine coefficient,success,
morph,case07,comparison,,candidate_cpu__candidate_gpu,warp_target_geometry_error,0.0,affine coefficient,success,
morph,case07,comparison,,candidate_cpu__candidate_gpu,moved_image_nrmse,1.1305928844226672e-05,relative to reference RMS,success,
morph,case07,comparison,,candidate_cpu__candidate_gpu,moved_image_max_error,0.0224761962890625,input intensity,success,
morph,case07,single_arm,reference_cpu,,jacobian_fraction_nonpositive,0.0,fraction of target-grid voxels,success,
morph,case07,single_arm,reference_cpu,,jacobian_minimum,0.15541904732252798,dimensionless,success,
morph,case07,single_arm,reference_cpu,,jacobian_median,0.7719432795808644,dimensionless,success,
morph,case07,single_arm,reference_cpu,,jacobian_finite_fraction,1.0,fraction of target-grid voxels,success,
morph,case07,single_arm,reference_gpu,,jacobian_fraction_nonpositive,0.0,fraction of target-grid voxels,success,
morph,case07,single_arm,reference_gpu,,jacobian_minimum,0.15542169743722398,dimensionless,success,
morph,case07,single_arm,reference_gpu,,jacobian_median,0.7719422841307682,dimensionless,success,
morph,case07,single_arm,reference_gpu,,jacobian_finite_fraction,1.0,fraction of target-grid voxels,success,
morph,case07,single_arm,candidate_cpu,,jacobian_fraction_nonpositive,0.0,fraction of target-grid voxels,success,
morph,case07,single_arm,candidate_cpu,,jacobian_minimum,0.15541676690187656,dimensionless,success,
morph,case07,single_arm,candidate_cpu,,jacobian_median,0.7719441730601904,dimensionless,success,
morph,case07,single_arm,candidate_cpu,,jacobian_finite_fraction,1.0,fraction of target-grid voxels,success,
morph,case07,single_arm,candidate_gpu,,jacobian_fraction_nonpositive,0.0,fraction of target-grid voxels,success,
morph,case07,single_arm,candidate_gpu,,jacobian_minimum,0.15542138018720877,dimensionless,success,
morph,case07,single_arm,candidate_gpu,,jacobian_median,0.771942903976607,dimensionless,success,
morph,case07,single_arm,candidate_gpu,,jacobian_finite_fraction,1.0,fraction of target-grid voxels,success,
morph,case08,comparison,,reference_cpu__candidate_cpu,warp_vector_mean_error_mm,3.404700472919083e-05,mm,success,
morph,case08,comparison,,reference_cpu__candidate_cpu,warp_vector_p95_error_mm,6.198149417599457e-05,mm,success,
morph,case08,comparison,,reference_cpu__candidate_cpu,warp_vector_max_error_mm,0.0001783141463092078,mm,success,
morph,case08,comparison,,reference_cpu__candidate_cpu,warp_component_rmse_mm,2.1760541959749056e-05,mm,success,
morph,case08,comparison,,reference_cpu__candidate_cpu,warp_component_max_error_mm,0.0001678466796875,mm,success,
morph,case08,comparison,,reference_cpu__candidate_cpu,warp_source_geometry_error,0.0,affine coefficient,success,
morph,case08,comparison,,reference_cpu__candidate_cpu,warp_target_geometry_error,0.0,affine coefficient,success,
morph,case08,comparison,,reference_cpu__candidate_cpu,moved_image_nrmse,1.047315717640579e-05,relative to reference RMS,success,
morph,case08,comparison,,reference_cpu__candidate_cpu,moved_image_max_error,0.02053070068359375,input intensity,success,
morph,case08,comparison,,reference_gpu__candidate_gpu,warp_vector_mean_error_mm,7.676688513365018e-05,mm,success,
morph,case08,comparison,,reference_gpu__candidate_gpu,warp_vector_p95_error_mm,0.0001347619761097389,mm,success,
morph,case08,comparison,,reference_gpu__candidate_gpu,warp_vector_max_error_mm,0.0004393365493435049,mm,success,
morph,case08,comparison,,reference_gpu__candidate_gpu,warp_component_rmse_mm,4.830656747952543e-05,mm,success,
morph,case08,comparison,,reference_gpu__candidate_gpu,warp_component_max_error_mm,0.0004119873046875,mm,success,
morph,case08,comparison,,reference_gpu__candidate_gpu,warp_source_geometry_error,0.0,affine coefficient,success,
morph,case08,comparison,,reference_gpu__candidate_gpu,warp_target_geometry_error,0.0,affine coefficient,success,
morph,case08,comparison,,reference_gpu__candidate_gpu,moved_image_nrmse,1.9022092603234978e-05,relative to reference RMS,success,
morph,case08,comparison,,reference_gpu__candidate_gpu,moved_image_max_error,0.0303497314453125,input intensity,success,
morph,case08,comparison,,reference_cpu__reference_gpu,warp_vector_mean_error_mm,5.8087530340411785e-05,mm,success,
morph,case08,comparison,,reference_cpu__reference_gpu,warp_vector_p95_error_mm,0.00010405106885517773,mm,success,
morph,case08,comparison,,reference_cpu__reference_gpu,warp_vector_max_error_mm,0.00019073486328125,mm,success,
morph,case08,comparison,,reference_cpu__reference_gpu,warp_component_rmse_mm,3.671707369415632e-05,mm,success,
morph,case08,comparison,,reference_cpu__reference_gpu,warp_component_max_error_mm,0.00018310546875,mm,success,
morph,case08,comparison,,reference_cpu__reference_gpu,warp_source_geometry_error,0.0,affine coefficient,success,
morph,case08,comparison,,reference_cpu__reference_gpu,warp_target_geometry_error,0.0,affine coefficient,success,
morph,case08,comparison,,reference_cpu__reference_gpu,moved_image_nrmse,1.3370530777691019e-05,relative to reference RMS,success,
morph,case08,comparison,,reference_cpu__reference_gpu,moved_image_max_error,0.027679443359375,input intensity,success,
morph,case08,comparison,,candidate_cpu__candidate_gpu,warp_vector_mean_error_mm,2.788576071461668e-05,mm,success,
morph,case08,comparison,,candidate_cpu__candidate_gpu,warp_vector_p95_error_mm,5.117953439712043e-05,mm,success,
morph,case08,comparison,,candidate_cpu__candidate_gpu,warp_vector_max_error_mm,0.00012396298835198915,mm,success,
morph,case08,comparison,,candidate_cpu__candidate_gpu,warp_component_rmse_mm,1.8135041839341824e-05,mm,success,
morph,case08,comparison,,candidate_cpu__candidate_gpu,warp_component_max_error_mm,0.0001068115234375,mm,success,
morph,case08,comparison,,candidate_cpu__candidate_gpu,warp_source_geometry_error,0.0,affine coefficient,success,
morph,case08,comparison,,candidate_cpu__candidate_gpu,warp_target_geometry_error,0.0,affine coefficient,success,
morph,case08,comparison,,candidate_cpu__candidate_gpu,moved_image_nrmse,8.73667403757404e-06,relative to reference RMS,success,
morph,case08,comparison,,candidate_cpu__candidate_gpu,moved_image_max_error,0.0163726806640625,input intensity,success,
morph,case08,single_arm,reference_cpu,,jacobian_fraction_nonpositive,0.0,fraction of target-grid voxels,success,
morph,case08,single_arm,reference_cpu,,jacobian_minimum,0.18907070169444998,dimensionless,success,
morph,case08,single_arm,reference_cpu,,jacobian_median,0.7568761532925788,dimensionless,success,
morph,case08,single_arm,reference_cpu,,jacobian_finite_fraction,1.0,fraction of target-grid voxels,success,
morph,case08,single_arm,reference_gpu,,jacobian_fraction_nonpositive,0.0,fraction of target-grid voxels,success,
morph,case08,single_arm,reference_gpu,,jacobian_minimum,0.18907141057027818,dimensionless,success,
morph,case08,single_arm,reference_gpu,,jacobian_median,0.7568775621257291,dimensionless,success,
morph,case08,single_arm,reference_gpu,,jacobian_finite_fraction,1.0,fraction of target-grid voxels,success,
morph,case08,single_arm,candidate_cpu,,jacobian_fraction_nonpositive,0.0,fraction of target-grid voxels,success,
morph,case08,single_arm,candidate_cpu,,jacobian_minimum,0.18907037298192284,dimensionless,success,
morph,case08,single_arm,candidate_cpu,,jacobian_median,0.7568765672695579,dimensionless,success,
morph,case08,single_arm,candidate_cpu,,jacobian_finite_fraction,1.0,fraction of target-grid voxels,success,
morph,case08,single_arm,candidate_gpu,,jacobian_fraction_nonpositive,0.0,fraction of target-grid voxels,success,
morph,case08,single_arm,candidate_gpu,,jacobian_minimum,0.18907136156911306,dimensionless,success,
morph,case08,single_arm,candidate_gpu,,jacobian_median,0.7568760827339432,dimensionless,success,
morph,case08,single_arm,candidate_gpu,,jacobian_finite_fraction,1.0,fraction of target-grid voxels,success,
morph,case09,comparison,,reference_cpu__candidate_cpu,warp_vector_mean_error_mm,9.471601621521617e-05,mm,success,
morph,case09,comparison,,reference_cpu__candidate_cpu,warp_vector_p95_error_mm,0.00017127948242678565,mm,success,
morph,case09,comparison,,reference_cpu__candidate_cpu,warp_vector_max_error_mm,0.00032341794424784305,mm,success,
morph,case09,comparison,,reference_cpu__candidate_cpu,warp_component_rmse_mm,5.999357969401961e-05,mm,success,
morph,case09,comparison,,reference_cpu__candidate_cpu,warp_component_max_error_mm,0.00031280517578125,mm,success,
morph,case09,comparison,,reference_cpu__candidate_cpu,warp_source_geometry_error,0.0,affine coefficient,success,
morph,case09,comparison,,reference_cpu__candidate_cpu,warp_target_geometry_error,0.0,affine coefficient,success,
morph,case09,comparison,,reference_cpu__candidate_cpu,moved_image_nrmse,2.989406393851959e-05,relative to reference RMS,success,
morph,case09,comparison,,reference_cpu__candidate_cpu,moved_image_max_error,0.0406341552734375,input intensity,success,
morph,case09,comparison,,reference_gpu__candidate_gpu,warp_vector_mean_error_mm,7.724428678186884e-05,mm,success,
morph,case09,comparison,,reference_gpu__candidate_gpu,warp_vector_p95_error_mm,0.00012634655122130734,mm,success,
morph,case09,comparison,,reference_gpu__candidate_gpu,warp_vector_max_error_mm,0.0007896331196860114,mm,success,
morph,case09,comparison,,reference_gpu__candidate_gpu,warp_component_rmse_mm,4.7734422294937945e-05,mm,success,
morph,case09,comparison,,reference_gpu__candidate_gpu,warp_component_max_error_mm,0.00067138671875,mm,success,
morph,case09,comparison,,reference_gpu__candidate_gpu,warp_source_geometry_error,0.0,affine coefficient,success,
morph,case09,comparison,,reference_gpu__candidate_gpu,warp_target_geometry_error,0.0,affine coefficient,success,
morph,case09,comparison,,reference_gpu__candidate_gpu,moved_image_nrmse,2.303433872223863e-05,relative to reference RMS,success,
morph,case09,comparison,,reference_gpu__candidate_gpu,moved_image_max_error,0.030731201171875,input intensity,success,
morph,case09,comparison,,reference_cpu__reference_gpu,warp_vector_mean_error_mm,0.00014210448001828865,mm,success,
morph,case09,comparison,,reference_cpu__reference_gpu,warp_vector_p95_error_mm,0.0002788645459365397,mm,success,
morph,case09,comparison,,reference_cpu__reference_gpu,warp_vector_max_error_mm,0.00043614520043812414,mm,success,
morph,case09,comparison,,reference_cpu__reference_gpu,warp_component_rmse_mm,9.28961634466742e-05,mm,success,
morph,case09,comparison,,reference_cpu__reference_gpu,warp_component_max_error_mm,0.0003509521484375,mm,success,
morph,case09,comparison,,reference_cpu__reference_gpu,warp_source_geometry_error,0.0,affine coefficient,success,
morph,case09,comparison,,reference_cpu__reference_gpu,warp_target_geometry_error,0.0,affine coefficient,success,
morph,case09,comparison,,reference_cpu__reference_gpu,moved_image_nrmse,4.252144986052848e-05,relative to reference RMS,success,
morph,case09,comparison,,reference_cpu__reference_gpu,moved_image_max_error,0.061920166015625,input intensity,success,
morph,case09,comparison,,candidate_cpu__candidate_gpu,warp_vector_mean_error_mm,3.533543403842243e-05,mm,success,
morph,case09,comparison,,candidate_cpu__candidate_gpu,warp_vector_p95_error_mm,6.651151952424124e-05,mm,success,
morph,case09,comparison,,candidate_cpu__candidate_gpu,warp_vector_max_error_mm,0.0005999634781291962,mm,success,
morph,case09,comparison,,candidate_cpu__candidate_gpu,warp_component_rmse_mm,2.2869412592692685e-05,mm,success,
morph,case09,comparison,,candidate_cpu__candidate_gpu,warp_component_max_error_mm,0.0005035400390625,mm,success,
morph,case09,comparison,,candidate_cpu__candidate_gpu,warp_source_geometry_error,0.0,affine coefficient,success,
morph,case09,comparison,,candidate_cpu__candidate_gpu,warp_target_geometry_error,0.0,affine coefficient,success,
morph,case09,comparison,,candidate_cpu__candidate_gpu,moved_image_nrmse,1.1171675532619748e-05,relative to reference RMS,success,
morph,case09,comparison,,candidate_cpu__candidate_gpu,moved_image_max_error,0.0182952880859375,input intensity,success,
morph,case09,single_arm,reference_cpu,,jacobian_fraction_nonpositive,0.0,fraction of target-grid voxels,success,
morph,case09,single_arm,reference_cpu,,jacobian_minimum,0.15324046714348177,dimensionless,success,
morph,case09,single_arm,reference_cpu,,jacobian_median,0.8350317545230658,dimensionless,success,
morph,case09,single_arm,reference_cpu,,jacobian_finite_fraction,1.0,fraction of target-grid voxels,success,
morph,case09,single_arm,reference_gpu,,jacobian_fraction_nonpositive,0.0,fraction of target-grid voxels,success,
morph,case09,single_arm,reference_gpu,,jacobian_minimum,0.15324249635810627,dimensionless,success,
morph,case09,single_arm,reference_gpu,,jacobian_median,0.835035158655392,dimensionless,success,
morph,case09,single_arm,reference_gpu,,jacobian_finite_fraction,1.0,fraction of target-grid voxels,success,
morph,case09,single_arm,candidate_cpu,,jacobian_fraction_nonpositive,0.0,fraction of target-grid voxels,success,
morph,case09,single_arm,candidate_cpu,,jacobian_minimum,0.1532405119731763,dimensionless,success,
morph,case09,single_arm,candidate_cpu,,jacobian_median,0.8350337969958211,dimensionless,success,
morph,case09,single_arm,candidate_cpu,,jacobian_finite_fraction,1.0,fraction of target-grid voxels,success,
morph,case09,single_arm,candidate_gpu,,jacobian_fraction_nonpositive,0.0,fraction of target-grid voxels,success,
morph,case09,single_arm,candidate_gpu,,jacobian_minimum,0.15324468784002937,dimensionless,success,
morph,case09,single_arm,candidate_gpu,,jacobian_median,0.8350341195551636,dimensionless,success,
morph,case09,single_arm,candidate_gpu,,jacobian_finite_fraction,1.0,fraction of target-grid voxels,success,
morph,case10,comparison,,reference_cpu__candidate_cpu,warp_vector_mean_error_mm,7.778361634828194e-05,mm,success,
morph,case10,comparison,,reference_cpu__candidate_cpu,warp_vector_p95_error_mm,0.00014575937785753478,mm,success,
morph,case10,comparison,,reference_cpu__candidate_cpu,warp_vector_max_error_mm,0.00042093244092204963,mm,success,
morph,case10,comparison,,reference_cpu__candidate_cpu,warp_component_rmse_mm,5.0023332102681264e-05,mm,success,
morph,case10,comparison,,reference_cpu__candidate_cpu,warp_component_max_error_mm,0.0003662109375,mm,success,
morph,case10,comparison,,reference_cpu__candidate_cpu,warp_source_geometry_error,0.0,affine coefficient,success,
morph,case10,comparison,,reference_cpu__candidate_cpu,warp_target_geometry_error,0.0,affine coefficient,success,
morph,case10,comparison,,reference_cpu__candidate_cpu,moved_image_nrmse,1.769807989017032e-05,relative to reference RMS,success,
morph,case10,comparison,,reference_cpu__candidate_cpu,moved_image_max_error,0.0329742431640625,input intensity,success,
morph,case10,comparison,,reference_gpu__candidate_gpu,warp_vector_mean_error_mm,9.479481198707342e-05,mm,success,
morph,case10,comparison,,reference_gpu__candidate_gpu,warp_vector_p95_error_mm,0.0001666284917285275,mm,success,
morph,case10,comparison,,reference_gpu__candidate_gpu,warp_vector_max_error_mm,0.0004074410987188321,mm,success,
morph,case10,comparison,,reference_gpu__candidate_gpu,warp_component_rmse_mm,5.990183779040812e-05,mm,success,
morph,case10,comparison,,reference_gpu__candidate_gpu,warp_component_max_error_mm,0.00034332275390625,mm,success,
morph,case10,comparison,,reference_gpu__candidate_gpu,warp_source_geometry_error,0.0,affine coefficient,success,
morph,case10,comparison,,reference_gpu__candidate_gpu,warp_target_geometry_error,0.0,affine coefficient,success,
morph,case10,comparison,,reference_gpu__candidate_gpu,moved_image_nrmse,2.751559053562793e-05,relative to reference RMS,success,
morph,case10,comparison,,reference_gpu__candidate_gpu,moved_image_max_error,0.044647216796875,input intensity,success,
morph,case10,comparison,,reference_cpu__reference_gpu,warp_vector_mean_error_mm,0.00012490116890371606,mm,success,
morph,case10,comparison,,reference_cpu__reference_gpu,warp_vector_p95_error_mm,0.00026232805247427665,mm,success,
morph,case10,comparison,,reference_cpu__reference_gpu,warp_vector_max_error_mm,0.00040808346924793495,mm,success,
morph,case10,comparison,,reference_cpu__reference_gpu,warp_component_rmse_mm,8.324845417309247e-05,mm,success,
morph,case10,comparison,,reference_cpu__reference_gpu,warp_component_max_error_mm,0.0003204345703125,mm,success,
morph,case10,comparison,,reference_cpu__reference_gpu,warp_source_geometry_error,0.0,affine coefficient,success,
morph,case10,comparison,,reference_cpu__reference_gpu,warp_target_geometry_error,0.0,affine coefficient,success,
morph,case10,comparison,,reference_cpu__reference_gpu,moved_image_nrmse,4.1157648401797795e-05,relative to reference RMS,success,
morph,case10,comparison,,reference_cpu__reference_gpu,moved_image_max_error,0.0710601806640625,input intensity,success,
morph,case10,comparison,,candidate_cpu__candidate_gpu,warp_vector_mean_error_mm,0.00011651475798646509,mm,success,
morph,case10,comparison,,candidate_cpu__candidate_gpu,warp_vector_p95_error_mm,0.0002516543960948279,mm,success,
morph,case10,comparison,,candidate_cpu__candidate_gpu,warp_vector_max_error_mm,0.0007040984647050453,mm,success,
morph,case10,comparison,,candidate_cpu__candidate_gpu,warp_component_rmse_mm,8.129371770135407e-05,mm,success,
morph,case10,comparison,,candidate_cpu__candidate_gpu,warp_component_max_error_mm,0.00060272216796875,mm,success,
morph,case10,comparison,,candidate_cpu__candidate_gpu,warp_source_geometry_error,0.0,affine coefficient,success,
morph,case10,comparison,,candidate_cpu__candidate_gpu,warp_target_geometry_error,0.0,affine coefficient,success,
morph,case10,comparison,,candidate_cpu__candidate_gpu,moved_image_nrmse,2.1456774219439782e-05,relative to reference RMS,success,
morph,case10,comparison,,candidate_cpu__candidate_gpu,moved_image_max_error,0.0595245361328125,input intensity,success,
morph,case10,single_arm,reference_cpu,,jacobian_fraction_nonpositive,0.0,fraction of target-grid voxels,success,
morph,case10,single_arm,reference_cpu,,jacobian_minimum,0.16830597261023797,dimensionless,success,
morph,case10,single_arm,reference_cpu,,jacobian_median,0.7913390537761805,dimensionless,success,
morph,case10,single_arm,reference_cpu,,jacobian_finite_fraction,1.0,fraction of target-grid voxels,success,
morph,case10,single_arm,reference_gpu,,jacobian_fraction_nonpositive,0.0,fraction of target-grid voxels,success,
morph,case10,single_arm,reference_gpu,,jacobian_minimum,0.16830114275935204,dimensionless,success,
morph,case10,single_arm,reference_gpu,,jacobian_median,0.7913376836031853,dimensionless,success,
morph,case10,single_arm,reference_gpu,,jacobian_finite_fraction,1.0,fraction of target-grid voxels,success,
morph,case10,single_arm,candidate_cpu,,jacobian_fraction_nonpositive,0.0,fraction of target-grid voxels,success,
morph,case10,single_arm,candidate_cpu,,jacobian_minimum,0.1683027880944933,dimensionless,success,
morph,case10,single_arm,candidate_cpu,,jacobian_median,0.7913398966518965,dimensionless,success,
morph,case10,single_arm,candidate_cpu,,jacobian_finite_fraction,1.0,fraction of target-grid voxels,success,
morph,case10,single_arm,candidate_gpu,,jacobian_fraction_nonpositive,0.0,fraction of target-grid voxels,success,
morph,case10,single_arm,candidate_gpu,,jacobian_minimum,0.16830345148452622,dimensionless,success,
morph,case10,single_arm,candidate_gpu,,jacobian_median,0.7913378899348752,dimensionless,success,
morph,case10,single_arm,candidate_gpu,,jacobian_finite_fraction,1.0,fraction of target-grid voxels,success,
morph,case11,comparison,,reference_cpu__candidate_cpu,warp_vector_mean_error_mm,4.5887189416888204e-05,mm,success,
morph,case11,comparison,,reference_cpu__candidate_cpu,warp_vector_p95_error_mm,9.28155903670993e-05,mm,success,
morph,case11,comparison,,reference_cpu__candidate_cpu,warp_vector_max_error_mm,0.00022125244140625,mm,success,
morph,case11,comparison,,reference_cpu__candidate_cpu,warp_component_rmse_mm,3.021985793011545e-05,mm,success,
morph,case11,comparison,,reference_cpu__candidate_cpu,warp_component_max_error_mm,0.0001678466796875,mm,success,
morph,case11,comparison,,reference_cpu__candidate_cpu,warp_source_geometry_error,0.0,affine coefficient,success,
morph,case11,comparison,,reference_cpu__candidate_cpu,warp_target_geometry_error,0.0,affine coefficient,success,
morph,case11,comparison,,reference_cpu__candidate_cpu,moved_image_nrmse,9.890334477814994e-06,relative to reference RMS,success,
morph,case11,comparison,,reference_cpu__candidate_cpu,moved_image_max_error,0.0177001953125,input intensity,success,
morph,case11,comparison,,reference_gpu__candidate_gpu,warp_vector_mean_error_mm,6.654443694014626e-05,mm,success,
morph,case11,comparison,,reference_gpu__candidate_gpu,warp_vector_p95_error_mm,0.00012396298835198915,mm,success,
morph,case11,comparison,,reference_gpu__candidate_gpu,warp_vector_max_error_mm,0.0004849319025290132,mm,success,
morph,case11,comparison,,reference_gpu__candidate_gpu,warp_component_rmse_mm,4.2847528999385574e-05,mm,success,
morph,case11,comparison,,reference_gpu__candidate_gpu,warp_component_max_error_mm,0.00042724609375,mm,success,
morph,case11,comparison,,reference_gpu__candidate_gpu,warp_source_geometry_error,0.0,affine coefficient,success,
morph,case11,comparison,,reference_gpu__candidate_gpu,warp_target_geometry_error,0.0,affine coefficient,success,
morph,case11,comparison,,reference_gpu__candidate_gpu,moved_image_nrmse,1.4080511794375132e-05,relative to reference RMS,success,
morph,case11,comparison,,reference_gpu__candidate_gpu,moved_image_max_error,0.0267791748046875,input intensity,success,
morph,case11,comparison,,reference_cpu__reference_gpu,warp_vector_mean_error_mm,4.822148080540698e-05,mm,success,
morph,case11,comparison,,reference_cpu__reference_gpu,warp_vector_p95_error_mm,9.187007582696759e-05,mm,success,
morph,case11,comparison,,reference_cpu__reference_gpu,warp_vector_max_error_mm,0.0003123396223519702,mm,success,
morph,case11,comparison,,reference_cpu__reference_gpu,warp_component_rmse_mm,3.114109291879107e-05,mm,success,
morph,case11,comparison,,reference_cpu__reference_gpu,warp_component_max_error_mm,0.0002593994140625,mm,success,
morph,case11,comparison,,reference_cpu__reference_gpu,warp_source_geometry_error,0.0,affine coefficient,success,
morph,case11,comparison,,reference_cpu__reference_gpu,warp_target_geometry_error,0.0,affine coefficient,success,
morph,case11,comparison,,reference_cpu__reference_gpu,moved_image_nrmse,1.042901315049863e-05,relative to reference RMS,success,
morph,case11,comparison,,reference_cpu__reference_gpu,moved_image_max_error,0.015960693359375,input intensity,success,
morph,case11,comparison,,candidate_cpu__candidate_gpu,warp_vector_mean_error_mm,2.7338778439564563e-05,mm,success,
morph,case11,comparison,,candidate_cpu__candidate_gpu,warp_vector_p95_error_mm,4.88519610399845e-05,mm,success,
morph,case11,comparison,,candidate_cpu__candidate_gpu,warp_vector_max_error_mm,0.00021036248289432125,mm,success,
morph,case11,comparison,,candidate_cpu__candidate_gpu,warp_component_rmse_mm,1.7630247115604427e-05,mm,success,
morph,case11,comparison,,candidate_cpu__candidate_gpu,warp_component_max_error_mm,0.00018310546875,mm,success,
morph,case11,comparison,,candidate_cpu__candidate_gpu,warp_source_geometry_error,0.0,affine coefficient,success,
morph,case11,comparison,,candidate_cpu__candidate_gpu,warp_target_geometry_error,0.0,affine coefficient,success,
morph,case11,comparison,,candidate_cpu__candidate_gpu,moved_image_nrmse,7.515138452689586e-06,relative to reference RMS,success,
morph,case11,comparison,,candidate_cpu__candidate_gpu,moved_image_max_error,0.015411376953125,input intensity,success,
morph,case11,single_arm,reference_cpu,,jacobian_fraction_nonpositive,0.0,fraction of target-grid voxels,success,
morph,case11,single_arm,reference_cpu,,jacobian_minimum,0.20109134665238465,dimensionless,success,
morph,case11,single_arm,reference_cpu,,jacobian_median,0.8023143002529436,dimensionless,success,
morph,case11,single_arm,reference_cpu,,jacobian_finite_fraction,1.0,fraction of target-grid voxels,success,
morph,case11,single_arm,reference_gpu,,jacobian_fraction_nonpositive,0.0,fraction of target-grid voxels,success,
morph,case11,single_arm,reference_gpu,,jacobian_minimum,0.20109785457983745,dimensionless,success,
morph,case11,single_arm,reference_gpu,,jacobian_median,0.8023137078395097,dimensionless,success,
morph,case11,single_arm,reference_gpu,,jacobian_finite_fraction,1.0,fraction of target-grid voxels,success,
morph,case11,single_arm,candidate_cpu,,jacobian_fraction_nonpositive,0.0,fraction of target-grid voxels,success,
morph,case11,single_arm,candidate_cpu,,jacobian_minimum,0.20109043303355623,dimensionless,success,
morph,case11,single_arm,candidate_cpu,,jacobian_median,0.8023141632339998,dimensionless,success,
morph,case11,single_arm,candidate_cpu,,jacobian_finite_fraction,1.0,fraction of target-grid voxels,success,
morph,case11,single_arm,candidate_gpu,,jacobian_fraction_nonpositive,0.0,fraction of target-grid voxels,success,
morph,case11,single_arm,candidate_gpu,,jacobian_minimum,0.20109786783770095,dimensionless,success,
morph,case11,single_arm,candidate_gpu,,jacobian_median,0.8023145892255691,dimensionless,success,
morph,case11,single_arm,candidate_gpu,,jacobian_finite_fraction,1.0,fraction of target-grid voxels,success,
morph,case12,comparison,,reference_cpu__candidate_cpu,warp_vector_mean_error_mm,5.1783014238013765e-05,mm,success,
morph,case12,comparison,,reference_cpu__candidate_cpu,warp_vector_p95_error_mm,9.05940405810388e-05,mm,success,
morph,case12,comparison,,reference_cpu__candidate_cpu,warp_vector_max_error_mm,0.00019180000442469078,mm,success,
morph,case12,comparison,,reference_cpu__candidate_cpu,warp_component_rmse_mm,3.2663373110911926e-05,mm,success,
morph,case12,comparison,,reference_cpu__candidate_cpu,warp_component_max_error_mm,0.0001678466796875,mm,success,
morph,case12,comparison,,reference_cpu__candidate_cpu,warp_source_geometry_error,0.0,affine coefficient,success,
morph,case12,comparison,,reference_cpu__candidate_cpu,warp_target_geometry_error,0.0,affine coefficient,success,
morph,case12,comparison,,reference_cpu__candidate_cpu,moved_image_nrmse,1.2896029959908752e-05,relative to reference RMS,success,
morph,case12,comparison,,reference_cpu__candidate_cpu,moved_image_max_error,0.02362060546875,input intensity,success,
morph,case12,comparison,,reference_gpu__candidate_gpu,warp_vector_mean_error_mm,6.219930939297605e-05,mm,success,
morph,case12,comparison,,reference_gpu__candidate_gpu,warp_vector_p95_error_mm,0.00012325664078829582,mm,success,
morph,case12,comparison,,reference_gpu__candidate_gpu,warp_vector_max_error_mm,0.00023847197888317542,mm,success,
morph,case12,comparison,,reference_gpu__candidate_gpu,warp_component_rmse_mm,4.04985589349013e-05,mm,success,
morph,case12,comparison,,reference_gpu__candidate_gpu,warp_component_max_error_mm,0.00020599365234375,mm,success,
morph,case12,comparison,,reference_gpu__candidate_gpu,warp_source_geometry_error,0.0,affine coefficient,success,
morph,case12,comparison,,reference_gpu__candidate_gpu,warp_target_geometry_error,0.0,affine coefficient,success,
morph,case12,comparison,,reference_gpu__candidate_gpu,moved_image_nrmse,1.431901380930629e-05,relative to reference RMS,success,
morph,case12,comparison,,reference_gpu__candidate_gpu,moved_image_max_error,0.02105712890625,input intensity,success,
morph,case12,comparison,,reference_cpu__reference_gpu,warp_vector_mean_error_mm,8.793224874000617e-05,mm,success,
morph,case12,comparison,,reference_cpu__reference_gpu,warp_vector_p95_error_mm,0.00015861986454995567,mm,success,
morph,case12,comparison,,reference_cpu__reference_gpu,warp_vector_max_error_mm,0.00032655234617664635,mm,success,
morph,case12,comparison,,reference_cpu__reference_gpu,warp_component_rmse_mm,5.586470779696975e-05,mm,success,
morph,case12,comparison,,reference_cpu__reference_gpu,warp_component_max_error_mm,0.0002899169921875,mm,success,
morph,case12,comparison,,reference_cpu__reference_gpu,warp_source_geometry_error,0.0,affine coefficient,success,
morph,case12,comparison,,reference_cpu__reference_gpu,warp_target_geometry_error,0.0,affine coefficient,success,
morph,case12,comparison,,reference_cpu__reference_gpu,moved_image_nrmse,2.168683186478296e-05,relative to reference RMS,success,
morph,case12,comparison,,reference_cpu__reference_gpu,moved_image_max_error,0.0287933349609375,input intensity,success,
morph,case12,comparison,,candidate_cpu__candidate_gpu,warp_vector_mean_error_mm,2.451978781807042e-05,mm,success,
morph,case12,comparison,,candidate_cpu__candidate_gpu,warp_vector_p95_error_mm,4.9444127642882236e-05,mm,success,
morph,case12,comparison,,candidate_cpu__candidate_gpu,warp_vector_max_error_mm,0.00013669184011206754,mm,success,
morph,case12,comparison,,candidate_cpu__candidate_gpu,warp_component_rmse_mm,1.6457459710157946e-05,mm,success,
morph,case12,comparison,,candidate_cpu__candidate_gpu,warp_component_max_error_mm,0.0001068115234375,mm,success,
morph,case12,comparison,,candidate_cpu__candidate_gpu,warp_source_geometry_error,0.0,affine coefficient,success,
morph,case12,comparison,,candidate_cpu__candidate_gpu,warp_target_geometry_error,0.0,affine coefficient,success,
morph,case12,comparison,,candidate_cpu__candidate_gpu,moved_image_nrmse,6.325214606183736e-06,relative to reference RMS,success,
morph,case12,comparison,,candidate_cpu__candidate_gpu,moved_image_max_error,0.011474609375,input intensity,success,
morph,case12,single_arm,reference_cpu,,jacobian_fraction_nonpositive,0.0,fraction of target-grid voxels,success,
morph,case12,single_arm,reference_cpu,,jacobian_minimum,0.22510350774929466,dimensionless,success,
morph,case12,single_arm,reference_cpu,,jacobian_median,0.760227092775768,dimensionless,success,
morph,case12,single_arm,reference_cpu,,jacobian_finite_fraction,1.0,fraction of target-grid voxels,success,
morph,case12,single_arm,reference_gpu,,jacobian_fraction_nonpositive,0.0,fraction of target-grid voxels,success,
morph,case12,single_arm,reference_gpu,,jacobian_minimum,0.2251040189524914,dimensionless,success,
morph,case12,single_arm,reference_gpu,,jacobian_median,0.7602279727502487,dimensionless,success,
morph,case12,single_arm,reference_gpu,,jacobian_finite_fraction,1.0,fraction of target-grid voxels,success,
morph,case12,single_arm,candidate_cpu,,jacobian_fraction_nonpositive,0.0,fraction of target-grid voxels,success,
morph,case12,single_arm,candidate_cpu,,jacobian_minimum,0.22510294066310096,dimensionless,success,
morph,case12,single_arm,candidate_cpu,,jacobian_median,0.7602278306312038,dimensionless,success,
morph,case12,single_arm,candidate_cpu,,jacobian_finite_fraction,1.0,fraction of target-grid voxels,success,
morph,case12,single_arm,candidate_gpu,,jacobian_fraction_nonpositive,0.0,fraction of target-grid voxels,success,
morph,case12,single_arm,candidate_gpu,,jacobian_minimum,0.22510634721823305,dimensionless,success,
morph,case12,single_arm,candidate_gpu,,jacobian_median,0.7602277221485899,dimensionless,success,
morph,case12,single_arm,candidate_gpu,,jacobian_finite_fraction,1.0,fraction of target-grid voxels,success,
